,Log,KNN 8,SVM rbf,RF 7,ET 5,XGB
0,0.9647871755654884,1.0,0.9245988674061613,0.9807714557348269,0.9448302503205978,0.98165464
1,0.09455875480585862,0.125,0.0806567879940332,0.06877663058628054,0.08601066719659406,0.026432931
2,0.2534696668928259,0.25,0.2133091263465263,0.3494587208844121,0.387030176251284,0.21953195
3,0.19297194527877148,0.125,0.11817809987922234,0.016487900236456028,0.09213845083547925,0.036569
4,0.7140187596483936,0.875,0.7684757395549536,0.9358282491228272,0.8023274356628002,0.9175067
5,0.8801726993426615,1.0,0.8483071108445783,0.9502277482399646,0.8741462300949311,0.9367928
6,0.6960179594730407,0.75,0.8145242463258923,0.8576817112534083,0.7739475738159218,0.9173017
7,0.6917674123981972,0.875,0.6130548151021533,0.9573120207884822,0.9188145410209158,0.9253756
8,0.2162207290850494,0.25,0.18124368084417236,0.011351973516679398,0.10533153104205731,0.039877236
9,0.19297194527877148,0.125,0.13244775551010138,0.19667554200240137,0.09213845083547925,0.0558154
10,0.12616755717809558,0.125,0.09891848535465723,0.0028838014485073307,0.013005928853754942,0.0025520325
11,0.07610053083877777,0.125,0.13942283915830908,0.04900461110812773,0.08601066719659406,0.059318423
12,0.9041978245407106,1.0,0.864023843596824,0.8761284001918476,0.8800857248549095,0.9099448
13,0.9856204092199203,1.0,0.9688346808715096,0.807936583770795,0.8130751091155304,0.9888867
14,0.2534696668928259,0.25,0.21332805852059736,0.3102079058249661,0.387030176251284,0.26321334
15,0.07610053083877777,0.125,0.12642222400635403,0.05124651281487213,0.08601066719659406,0.072788894
16,0.7399564391428888,1.0,0.6631150133872459,0.9896570500282482,0.9188145410209158,0.98366374
17,0.9557715285057578,0.875,0.8888399783487242,0.847437788950632,0.8978406759821651,0.9215678
18,0.49638564287217757,0.5,0.3772550991760652,0.8667848427663407,0.8059095101764091,0.9143187
19,0.2534696668928259,0.25,0.1932442269653286,0.24162492845372005,0.387030176251284,0.17090344
20,0.8398071970510629,1.0,0.883159644992731,0.9380024277889547,0.8978406759821651,0.9348401
21,0.9041978245407106,0.25,0.7671446606904091,0.892603909461359,0.7739475738159218,0.3827935
22,0.2534696668928259,0.5,0.21328159724346088,0.3947425825266533,0.387030176251284,0.19890428
23,0.6960179594730407,0.5,0.7767347861241641,0.5794885368762106,0.7739475738159218,0.22902995
24,0.6676517603084515,1.0,0.8097392417868146,0.8771581942324046,0.8059095101764091,0.9128366
25,0.4337663776873252,0.125,0.37043330664755203,0.008240862405568289,0.12345183179393696,0.07370275
26,0.9041978245407106,0.875,0.8641553817987523,0.8954416100214468,0.8800857248549095,0.8108568
27,0.8029367571787975,0.75,0.8762654478724552,0.701044944665621,0.7461592949526145,0.8489189
28,0.2534696668928259,0.25,0.21332135215882714,0.2867749537295852,0.387030176251284,0.26321334
29,0.9041978245407106,1.0,0.8640474252509113,0.9156859293074535,0.8800857248549095,0.9450292
30,0.6960179594730407,0.625,0.8345642997239883,0.6080209770551379,0.7739475738159218,0.7472569
31,0.026883770336588286,0.0,0.03938133437842477,0.0,0.00531917813023313,0.0077618957
32,0.2534696668928259,0.125,0.21335626466091953,0.29195356516664794,0.387030176251284,0.29201233
33,0.9041978245407106,0.875,0.8999702680393624,0.8923974296097242,0.7739475738159218,0.9257754
34,0.5684465446188589,1.0,0.8299136063781605,0.7150405409201216,0.6646366310412879,0.80612683
35,0.4343743136743453,1.0,0.8117914608052487,0.6403836193576551,0.7134401961294567,0.873307
36,0.9041978245407106,0.75,0.8641546767195422,0.8976936623218327,0.8800857248549095,0.85278636
37,0.9041978245407106,1.0,0.864023843596824,0.8761284001918476,0.8800857248549095,0.9099448
38,0.5554927869454682,0.75,0.4739903920759233,0.9232983996340365,0.8059095101764091,0.9373723
39,0.1022358657261041,0.125,0.11142637081810783,0.0028838014485073307,0.013005928853754942,0.0025520325
40,0.30093591815469045,0.25,0.23230504082496278,0.4603849321390732,0.387030176251284,0.67239463
41,0.49638564287217757,0.125,0.15959760056516134,0.693493999778138,0.09213845083547925,0.27012157
42,0.9041978245407106,1.0,0.8640474252509113,0.9156859293074535,0.8800857248549095,0.9450292
43,0.35004368145476483,0.0,0.12157406171035197,0.03262881502436117,0.0714258531132304,0.07901758
44,0.2534696668928259,0.25,0.21332135215882714,0.2867749537295852,0.387030176251284,0.26321334
45,0.9041978245407106,1.0,0.864023843596824,0.8761284001918476,0.8800857248549095,0.8731358
46,0.9228780949256324,0.75,0.8880598352270576,0.9115140118594663,0.8800857248549095,0.88265413
47,0.2534696668928259,0.125,0.21335626466091953,0.29195356516664794,0.387030176251284,0.29201233
48,0.9381650306337924,1.0,0.9083067508655064,0.9057772882146897,0.8800857248549095,0.91723263
49,0.49638564287217757,0.5,0.37728944036229856,0.8667848427663407,0.8059095101764091,0.91648346
50,0.7399564391428888,0.875,0.8632863204886233,0.9748350515758153,0.9188145410209158,0.9299785
51,0.9041978245407106,0.875,0.8640622971718466,0.8813284878380461,0.8800857248549095,0.842053
52,0.03807838254762275,0.0,0.08452230806263045,0.07238095238095238,0.031734637778250925,0.0032738447
53,0.30093591815469045,0.0,0.1020728471505083,0.11884049757285262,0.08601066719659406,0.12060034
54,0.7437885798102325,0.625,0.8789733801390043,0.6007834896390342,0.7739475738159218,0.762239
55,0.6960179594730407,0.625,0.8637365072731821,0.5794885368762106,0.7739475738159218,0.42814487
56,0.2534696668928259,0.25,0.1019767211113868,0.110043766619828,0.08601066719659406,0.12711763
57,0.9041978245407106,0.75,0.8641546767195422,0.8976936623218327,0.8800857248549095,0.85278636
58,0.35004368145476483,0.0,0.27838176529202335,0.08805693827328787,0.0714258531132304,0.03216815
59,0.8206027049335993,0.875,0.9078407553378557,0.9726453282556571,0.9188145410209158,0.9299785
60,0.9041978245407106,0.75,0.8641546767195422,0.8976936623218327,0.8800857248549095,0.8661014
61,0.02132482764552679,0.0,0.038740596890357415,0.0,0.00531917813023313,0.0077618957
62,0.5238989329955926,0.625,0.8569696331609726,0.7525803584870391,0.6593220074671647,0.9310645
63,0.7399564391428888,1.0,0.663216139362624,0.9886570500282482,0.9188145410209158,0.96273863
64,0.6960179594730407,0.625,0.8345642997239883,0.6080209770551379,0.7739475738159218,0.7472569
65,0.13889884467855407,0.125,0.16449036960229507,0.006387301587301587,0.14919526528222166,0.03617096
66,0.2534696668928259,0.125,0.09665782596192612,0.110043766619828,0.08601066719659406,0.12404817
67,0.9041978245407106,0.875,0.8640075365467068,0.8674545850690437,0.8800857248549095,0.9407177
68,0.7114643245811227,0.875,0.6581193393377271,0.3775476825548033,0.7347387510944486,0.38516045
69,0.9381650306337924,0.875,0.9090750248995685,0.9257475979383357,0.8800857248549095,0.95269233
70,0.9041978245407106,0.875,0.8638478109994181,0.8923974296097242,0.7739475738159218,0.87051713
71,0.8037067033973188,0.875,0.7555986930128402,0.9232983996340365,0.8059095101764091,0.9373723
72,0.8398071970510629,1.0,0.8820600949772037,0.9596485970865387,0.8978406759821651,0.91805077
73,0.9228780949256324,0.75,0.8881319823403787,0.9057772882146897,0.8800857248549095,0.91723263
74,0.5542891686328777,0.5,0.8240323152859863,0.23414082504029401,0.6206744601028564,0.203911
75,0.9041978245407106,1.0,0.8636630539435868,0.9310652787055078,0.8800857248549095,0.93634266
76,0.9041978245407106,1.0,0.8640474252509113,0.9156859293074535,0.8800857248549095,0.9450292
77,0.9041978245407106,1.0,0.864023843596824,0.8761284001918476,0.8800857248549095,0.8731358
78,0.13889884467855407,0.0,0.11905719285761193,0.006692307692307693,0.012656690746474027,0.026693106
79,0.08241544715118054,0.125,0.09039893744161172,0.0034262210783658135,0.013005928853754942,0.022810161
80,0.9041978245407106,1.0,0.8638873878917371,0.8942851974429268,0.8800857248549095,0.9272291
81,0.9041978245407106,0.75,0.8638209776151967,0.8826775339738885,0.8800857248549095,0.85354424
82,0.2534696668928259,0.25,0.21334606611674187,0.3108641577091651,0.387030176251284,0.23955196
83,0.6960179594730407,0.625,0.8336721508132543,0.8487928223645194,0.7739475738159218,0.843375
84,0.2534696668928259,0.25,0.1019767211113868,0.110043766619828,0.08601066719659406,0.12711763
85,0.6130702468480158,0.75,0.5,0.6038640831680339,0.8059095101764091,0.5054183
86,0.9824075818699137,1.0,0.9582553554012145,0.9872548962818424,0.9448302503205978,0.98846835
87,0.9041978245407106,1.0,0.864023843596824,0.8761284001918476,0.8800857248549095,0.8731358
88,0.2313303401428073,0.0,0.1737380546864064,0.015352909745331355,0.07274153478430587,0.039550304
89,0.9041978245407106,1.0,0.864023843596824,0.8761284001918476,0.8800857248549095,0.9099448
90,0.9041978245407106,1.0,0.864023843596824,0.8761284001918476,0.8800857248549095,0.8731358
91,0.9041978245407106,0.875,0.8640538620318251,0.8881387028067104,0.8800857248549095,0.8580743
92,0.7437885798102325,0.75,0.8363293560488366,0.5609076129108556,0.7739475738159218,0.73574257
93,0.8357615606746243,0.75,0.8616504341396249,0.7504502600227166,0.8023274356628002,0.5866587
94,0.9041978245407106,1.0,0.9134305474858799,0.9310652787055078,0.8800857248549095,0.95644414
95,0.9041978245407106,1.0,0.864023843596824,0.8761284001918476,0.8800857248549095,0.8731358
96,0.6960179594730407,0.75,0.8615127479764974,0.6960048529462416,0.7739475738159218,0.83752453
97,0.7437885798102325,0.25,0.7135851865300699,0.592398105279375,0.7739475738159218,0.6412483
98,0.1022358657261041,0.0,0.05598896965187858,0.0034262210783658135,0.00531917813023313,0.009690225
99,0.7599362514190638,0.875,0.8416381155220197,0.7935574933059857,0.7134401961294567,0.914166
100,0.2534696668928259,0.25,0.21331691199706915,0.3556411983198308,0.387030176251284,0.64168423
101,0.9557715285057578,0.875,0.9066530456881273,0.9610504670807213,0.9448302503205978,0.95631564
102,0.8692269928480083,0.375,0.7593563385482686,0.958105083539827,0.8978406759821651,0.93147314
103,0.9557715285057578,0.875,0.9065717700233473,0.956474633880934,0.9448302503205978,0.9844684
104,0.9720188522046149,1.0,0.9390063738149265,0.9807714557348269,0.9448302503205978,0.98165464
105,0.9041978245407106,1.0,0.8640474252509113,0.9156859293074535,0.8800857248549095,0.9450292
106,0.2534696668928259,0.125,0.2133837271855553,0.26331995830422306,0.387030176251284,0.29201233
107,0.9041978245407106,0.75,0.8640662066985473,0.9027803927288215,0.8800857248549095,0.8455852
108,0.9041978245407106,1.0,0.8640474252509113,0.9156859293074535,0.8800857248549095,0.9618891
109,0.49638564287217757,0.75,0.4110697082882643,0.062403808736666525,0.8059095101764091,0.5816735
110,0.8398071970510629,0.625,0.8820288095994099,0.9624673617844584,0.8978406759821651,0.93642956
111,0.49638564287217757,0.75,0.41267674358759027,0.7138023189407224,0.8059095101764091,0.80071396
112,0.9041978245407106,1.0,0.864023843596824,0.8761284001918476,0.8800857248549095,0.9099448
113,0.2509520242189536,0.5,0.2196125790493417,0.6684058676932786,0.3993682880945453,0.7417499
114,0.15866956776218455,0.5,0.2994208663029728,0.48701888184679865,0.8059095101764091,0.7136048
115,0.9041978245407106,0.75,0.8640429263394892,0.8337794996820129,0.8800857248549095,0.7881838
116,0.9041978245407106,0.75,0.9133808679697916,0.9115140118594663,0.8800857248549095,0.88265413
117,0.9647871755654884,0.875,0.9064606550707593,0.9458552029883251,0.8978406759821651,0.93026435
118,0.4343743136743453,0.375,0.7424383290970955,0.7473784282067683,0.7134401961294567,0.83338445
119,0.7114643245811227,0.5,0.599699969304526,0.9659150823482484,0.7347387510944486,0.9549954
120,0.8939262124735919,1.0,0.9149577366245356,0.943148588626218,0.8978406759821651,0.9504838
121,0.9041978245407106,1.0,0.864023843596824,0.8761284001918476,0.8800857248549095,0.8731358
122,0.4343743136743453,1.0,0.8505658575662125,0.8697559859862365,0.7134401961294567,0.9191648
123,0.4373793502259843,0.0,0.12209240539256012,0.06364493526841092,0.09213845083547925,0.037400723
124,0.8692269928480083,0.75,0.863737698864597,0.958105083539827,0.8978406759821651,0.93147314
125,0.11286416707411773,0.125,0.1820854623656791,0.005587301587301587,0.14919526528222166,0.008931637
126,0.9041978245407106,1.0,0.8640701281843178,0.9115140118594663,0.8800857248549095,0.88265413
127,0.9041978245407106,0.875,0.8641694468830896,0.8565054680782531,0.8800857248549095,0.8271957
128,0.12616755717809558,0.375,0.27999389439473926,0.006012579909966034,0.013005928853754942,0.008934796
129,0.9041978245407106,1.0,0.9134592292450212,0.8928829358529546,0.8800857248549095,0.92270064
130,0.9041978245407106,1.0,0.8640474252509113,0.9156859293074535,0.8800857248549095,0.9618891
131,0.9041978245407106,1.0,0.8641851115877147,0.9200684455193292,0.8800857248549095,0.92270064
132,0.30093591815469045,0.875,0.37442888314468276,0.28136708196789084,0.387030176251284,0.32129103
133,0.30093591815469045,0.0,0.1020728471505083,0.11884049757285262,0.08601066719659406,0.12060034
134,0.9041978245407106,1.0,0.8635959895646855,0.892603909461359,0.7739475738159218,0.87051713
135,0.6960179594730407,0.625,0.8637077221727184,0.9145699811604651,0.7739475738159218,0.9301498
136,0.35308683706293287,0.0,0.10640331602867466,0.338641675485244,0.08601066719659406,0.10434252
137,0.4343743136743453,0.75,0.7753334478144074,0.5420564385822784,0.7134401961294567,0.6318662
138,0.9557715285057578,1.0,0.9065156589943157,0.9573437368709672,0.9448302503205978,0.98073065
139,0.8398071970510629,0.5,0.8117315699067781,0.9623152637532055,0.8978406759821651,0.91805077
140,0.5554927869454682,0.625,0.4374290714220826,0.9473632941932086,0.8059095101764091,0.93210894
141,0.2534696668928259,0.125,0.21335626466091953,0.29195356516664794,0.387030176251284,0.29201233
142,0.49638564287217757,0.5,0.3776473269482292,0.5287081020789026,0.8059095101764091,0.49368465
143,0.9041978245407106,0.875,0.8642377465096435,0.9184747700334321,0.8800857248549095,0.92270064
144,0.9041978245407106,1.0,0.8637408780891804,0.8979775479080375,0.7739475738159218,0.9257754
145,0.8005406834558564,0.875,0.8636974795086949,0.9398210203879483,0.7134401961294567,0.9296773
146,0.94285816062344,0.875,0.8943188734718612,0.5727785550742825,0.8130751091155304,0.70211554
147,0.6676517603084515,1.0,0.8087747239920802,0.7746021656767638,0.8059095101764091,0.8310097
148,0.8005406834558564,0.75,0.8525335989796672,0.9434993257827426,0.7134401961294567,0.9467175
149,0.9041978245407106,1.0,0.8635959895646855,0.892603909461359,0.7739475738159218,0.9257754
150,0.9041978245407106,0.875,0.8998246012598489,0.8968947047707827,0.7739475738159218,0.9257754
151,0.19297194527877148,0.125,0.11788770181352574,0.019089493153641845,0.09213845083547925,0.09514028
152,0.9041978245407106,0.75,0.9133524560428019,0.8761284001918476,0.8800857248549095,0.9099448
153,0.9381650306337924,0.75,0.908650050455222,0.8998228238992582,0.8800857248549095,0.9719867
154,0.9557715285057578,1.0,0.9067206511915477,0.9856382069175222,0.9448302503205978,0.97549015
155,0.7640029245592687,0.75,0.9070058794523391,0.7969786543274824,0.776915564411902,0.7049706
156,0.2534696668928259,0.125,0.2133608238183412,0.2528416149332142,0.387030176251284,0.29201233
157,0.9041978245407106,1.0,0.864023843596824,0.8761284001918476,0.8800857248549095,0.8731358
158,0.9041978245407106,0.875,0.863934227156253,0.8849339831770366,0.8800857248549095,0.8993309
159,0.9031283060250783,0.875,0.9469123878793325,0.9788350515758153,0.9188145410209158,0.9299785
160,0.9228780949256324,0.75,0.92866438059578,0.8761284001918476,0.8800857248549095,0.9099448
161,0.07610053083877777,0.0,0.07539494689735889,0.055246512814872126,0.08601066719659406,0.072788894
162,0.9041978245407106,0.75,0.8640662066985473,0.9027803927288215,0.8800857248549095,0.8455852
163,0.9557715285057578,0.875,0.906570917724501,0.956474633880934,0.9448302503205978,0.9844684
164,0.7399564391428888,1.0,0.662387474647739,0.9748350515758153,0.9188145410209158,0.9299785
165,0.3218282667911866,0.75,0.5732823500590387,0.03148007167353917,0.18660190434338544,0.19190902
166,0.026883770336588286,0.0,0.0754833278737777,0.0007399933399933399,0.00531917813023313,0.00407362
167,0.7180744871804912,0.875,0.744153845102308,0.931643524693702,0.8059095101764091,0.95618045
168,0.6960179594730407,0.75,0.8895931464080826,0.9036744163403903,0.7739475738159218,0.9303024
169,0.4646395312691334,0.5,0.8014587403661209,0.6549093135580812,0.8101532631066606,0.5776961
170,0.6960179594730407,0.75,0.8615656372670353,0.6966427614429737,0.7739475738159218,0.83752453
171,0.7399564391428888,1.0,0.6631150133872459,0.9896570500282482,0.9188145410209158,0.98366374
172,0.2162207290850494,0.125,0.1655490279558256,0.011351973516679398,0.10533153104205731,0.018307686
173,0.9041978245407106,0.75,0.8640429263394892,0.8337794996820129,0.8800857248549095,0.7881838
174,0.7185752184092451,0.75,0.8649063782099011,0.7969786543274824,0.776915564411902,0.7049706
175,0.9381650306337924,0.875,0.9091539644992791,0.9257475979383357,0.8800857248549095,0.96979535
176,0.6917674123981972,0.875,0.6125632786702522,0.8468903833615817,0.9188145410209158,0.9271815
177,0.07610053083877777,0.125,0.13931243268123794,0.1688441924031444,0.08601066719659406,0.13642526
178,0.9041978245407106,1.0,0.8635959895646855,0.892603909461359,0.7739475738159218,0.87051713
179,0.9132327171837705,0.875,0.8796613830371086,0.9333118689735889,0.8665375427102178,0.9409117
180,0.8929911874510471,0.875,0.8635495966819299,0.9228505363861733,0.8059095101764091,0.9373723
181,0.6960179594730407,0.625,0.863707409537705,0.9145699811604651,0.7739475738159218,0.8777179
182,0.2941987834549623,0.75,0.5882279933868676,0.5649082251082252,0.14919526528222166,0.26700217
183,0.16978961553891347,0.0,0.12603622606860881,0.006692307692307693,0.012656690746474027,0.026693106
184,0.35308683706293287,0.5,0.25771681471439556,0.26880997277161756,0.387030176251284,0.3102743
185,0.6960179594730407,0.75,0.8609358135550189,0.8576817112534083,0.7739475738159218,0.9524741
186,0.49638564287217757,0.5,0.3777164670052602,0.465716241184972,0.8059095101764091,0.71780455
187,0.6960179594730407,0.75,0.889566810686193,0.5761566405958594,0.7739475738159218,0.6538975
188,0.9720188522046149,1.0,0.9386267177500454,0.978475671388576,0.9448302503205978,0.9772161
189,0.9041978245407106,1.0,0.8640474252509113,0.9156859293074535,0.8800857248549095,0.9618891
190,0.2534696668928259,0.0,0.08577218694920935,0.11884049757285262,0.08601066719659406,0.12060034
191,0.9041978245407106,1.0,0.8635959895646855,0.892603909461359,0.7739475738159218,0.9257754
192,0.30093591815469045,0.375,0.25763347245065493,0.37644194021393595,0.387030176251284,0.11509365
193,0.3218282667911866,0.0,0.15910001930786533,0.02179504323887303,0.027744895004992304,0.09532648
194,0.042821944656016186,0.0,0.08883088426804099,0.0007399933399933399,0.06125632841097692,0.012038529
195,0.02132482764552679,0.0,0.07763295729816273,0.0,0.00531917813023313,0.0018747449
196,0.9041978245407106,1.0,0.8640701281843178,0.9115140118594663,0.8800857248549095,0.88265413
197,0.9647871755654884,1.0,0.924496394455083,0.9799379702837107,0.9448302503205978,0.9925843
198,0.2534696668928259,0.125,0.21335626466091953,0.29195356516664794,0.387030176251284,0.29201233
199,0.2534696668928259,0.25,0.1017543956545832,0.11884049757285262,0.08601066719659406,0.13163549
200,0.9041978245407106,0.75,0.8638209776151967,0.8826775339738885,0.8800857248549095,0.85354424
201,0.995707654557028,1.0,0.9877639899527048,0.9872548962818424,0.9448302503205978,0.9933824
202,0.9041978245407106,0.875,0.8642841142001292,0.9201890557477178,0.8800857248549095,0.9410088
203,0.9041978245407106,1.0,0.9134331132562322,0.8954416100214468,0.8800857248549095,0.8271957
204,0.9041978245407106,1.0,0.864023843596824,0.8761284001918476,0.8800857248549095,0.9099448
205,0.49638564287217757,0.5,0.3322582411938351,0.9067483414657238,0.8059095101764091,0.81048185
206,0.7599362514190638,1.0,0.8034403513241443,0.9326422111287028,0.8023274356628002,0.7361417
207,0.8398071970510629,0.875,0.8984288237737198,0.7768840012181615,0.9448302503205978,0.815411
208,0.2534696668928259,0.125,0.21335626466091953,0.29195356516664794,0.387030176251284,0.29201233
209,0.6960179594730407,0.5,0.7770627589054074,0.5804184330581881,0.7739475738159218,0.7033111
210,0.9557715285057578,1.0,0.9067527249061658,0.9852991898745622,0.9448302503205978,0.98846835
211,0.07610053083877777,0.0,0.09098785205210444,0.049840781291493545,0.08601066719659406,0.069547296
212,0.9041978245407106,1.0,0.8641511906225063,0.9310652787055078,0.8800857248549095,0.95644414
213,0.9041978245407106,1.0,0.8635959895646855,0.892603909461359,0.7739475738159218,0.87051713
214,0.9228780949256324,0.75,0.8887620865514496,0.8728009312716689,0.8800857248549095,0.89587235
215,0.07516725645397182,0.0,0.05625033951360002,0.008333245909233313,0.0714258531132304,0.007109523
216,0.2534696668928259,0.25,0.2133091263465263,0.3494587208844121,0.387030176251284,0.21953195
217,0.7599362514190638,0.875,0.8415897822237464,0.8597879729528911,0.7134401961294567,0.914166
218,0.07610053083877777,0.0,0.05410872136695129,0.029891199564776528,0.08601066719659406,0.032732487
219,0.8367676883842564,0.875,0.843027534559658,0.9505041789971005,0.7461592949526145,0.8585002
220,0.9041978245407106,1.0,0.864023843596824,0.8761284001918476,0.8800857248549095,0.9099448
221,0.9041978245407106,1.0,0.8635959895646855,0.892603909461359,0.7739475738159218,0.87051713
222,0.9041978245407106,0.75,0.9133524560428019,0.8761284001918476,0.8800857248549095,0.9099448
223,0.9041978245407106,1.0,0.8640474252509113,0.9156859293074535,0.8800857248549095,0.9450292
224,0.5684465446188589,0.75,0.7919163187833246,0.391986616433994,0.6646366310412879,0.19753593
225,0.9041978245407106,0.875,0.8638405449256358,0.8942851974429268,0.8800857248549095,0.9272291
226,0.9041978245407106,0.875,0.8638478109994181,0.8923974296097242,0.7739475738159218,0.9257754
227,0.9041978245407106,1.0,0.8641511906225063,0.9310652787055078,0.8800857248549095,0.95644414
228,0.9041978245407106,1.0,0.8635959895646855,0.892603909461359,0.7739475738159218,0.9257754
229,0.6676517603084515,1.0,0.8093676515904801,0.9473632941932086,0.8059095101764091,0.9149181
230,0.1430104354815266,0.125,0.09922569985078708,0.07306812196860159,0.05842029396423885,0.063672364
231,0.9557715285057578,1.0,0.9066666566759831,0.9779057188457143,0.9448302503205978,0.9033263
232,0.9041978245407106,0.875,0.8997621108542939,0.9051553230196082,0.7739475738159218,0.9257754
233,0.4337663776873252,0.625,0.649981157152418,0.008240862405568289,0.12345183179393696,0.07370275
234,0.9041978245407106,0.875,0.8638478109994181,0.8923974296097242,0.7739475738159218,0.9257754
235,0.2534696668928259,0.25,0.21341158564617038,0.3212411587056273,0.387030176251284,0.42050248
236,0.9228780949256324,1.0,0.9147355235814737,0.892603909461359,0.7739475738159218,0.9257754
237,0.2981350928799973,0.0,0.23921862315692513,0.04098651682521332,0.0714258531132304,0.06804758
238,0.9041978245407106,0.875,0.8638478109994181,0.8923974296097242,0.7739475738159218,0.9257754
239,0.9041978245407106,1.0,0.8636639162034608,0.8968947047707827,0.7739475738159218,0.9257754
240,0.49638564287217757,0.75,0.41267674358759027,0.7138023189407224,0.8059095101764091,0.80071396
241,0.1022358657261041,0.125,0.11103671541270928,0.0060213567540369954,0.013005928853754942,0.008197963
242,0.9041978245407106,0.875,0.8638478109994181,0.8923974296097242,0.7739475738159218,0.87051713
243,0.9041978245407106,0.875,0.8641722853914736,0.9160684455193292,0.8800857248549095,0.92270064
244,0.9557715285057578,1.0,0.906731221941215,0.9781995094684824,0.9448302503205978,0.9355022
245,0.49333067827940114,0.625,0.865128124311917,0.6646505037037026,0.7134401961294567,0.45366472
246,0.2534696668928259,0.25,0.21334945964458446,0.328254656385904,0.387030176251284,0.40199512
247,0.12616755717809558,0.0,0.06720957744763233,0.012937832102537987,0.00531917813023313,0.011569977
248,0.49333067827940114,0.125,0.6712088498828684,0.6815117588272704,0.7134401961294567,0.2620548
249,0.9203586740805246,1.0,0.9140012284828454,0.919233984955632,0.7771305136488633,0.9257754
250,0.9041978245407106,1.0,0.8641511906225063,0.9310652787055078,0.8800857248549095,0.951611
251,0.5554927869454682,0.75,0.4091279428396009,0.7622705872330746,0.8059095101764091,0.9031412
252,0.6960179594730407,0.625,0.8641480937834563,0.5761566405958594,0.7739475738159218,0.6538975
253,0.9647871755654884,1.0,0.9240299078699571,0.9455884309362913,0.9448302503205978,0.8770625
254,0.5554927869454682,0.625,0.43654814661730285,0.7729097291130029,0.8059095101764091,0.8709152
255,0.35308683706293287,0.25,0.27601497572074335,0.311343163642477,0.387030176251284,0.41197824
256,0.07610053083877777,0.0,0.07247418849918631,0.029891199564776528,0.08601066719659406,0.0578956
257,0.02132482764552679,0.0,0.03871086411861472,0.0,0.00531917813023313,0.0068617463
258,0.02132482764552679,0.0,0.04961117262299732,0.0,0.00531917813023313,0.0018747449
259,0.1022358657261041,0.125,0.0970009539536814,0.006642094094238831,0.00531917813023313,0.008592784
260,0.9132327171837705,1.0,0.8704766046137905,0.8968971840152551,0.8665375427102178,0.8420899
261,0.4611562012172524,0.25,0.44218120087535956,0.07953679653679652,0.07523813416180235,0.23215544
262,0.49333067827940114,0.625,0.8084810798058816,0.5420564385822784,0.7134401961294567,0.38790184
263,0.9041978245407106,1.0,0.8374236819469134,0.9239054903170641,0.7739475738159218,0.94439024
264,0.2534696668928259,0.125,0.21335626466091953,0.29195356516664794,0.387030176251284,0.29201233
265,0.9041978245407106,0.875,0.8638478109994181,0.8923974296097242,0.7739475738159218,0.9257754
266,0.9860727842518979,1.0,0.9663396697180352,0.9872548962818424,0.9448302503205978,0.9933824
267,0.9228780949256324,0.75,0.8887588938137312,0.8018494988732215,0.8800857248549095,0.6514499
268,0.07516725645397182,0.125,0.12774346269361245,0.012333245909233313,0.0714258531132304,0.023321033
269,0.06024247570466423,0.0,0.07027644166802566,0.008333245909233313,0.0714258531132304,0.01981473
270,0.37721808321339834,0.625,0.8547509862804223,0.764257978870999,0.7134401961294567,0.80419886
271,0.9557715285057578,0.875,0.9126670077220522,0.8030602450087698,0.9448302503205978,0.7820339
272,0.1022358657261041,0.0,0.05608078151850094,0.005477531566463272,0.00531917813023313,0.008199751
273,0.7437885798102325,0.375,0.820388658434885,0.9145699811604651,0.7739475738159218,0.9301498
274,0.2534696668928259,0.125,0.21335626466091953,0.29195356516664794,0.387030176251284,0.29201233
275,0.07516725645397182,0.0,0.1216981898039105,0.036866579242566644,0.0714258531132304,0.047510862
276,0.2534696668928259,0.25,0.3475037885750218,0.29195356516664794,0.387030176251284,0.29201233
277,0.9557715285057578,1.0,0.8963849306003703,0.8030602450087698,0.8978406759821651,0.9285347
278,0.7399564391428888,0.875,0.8637067567206426,0.9896570500282482,0.9188145410209158,0.98366374
279,0.5554927869454682,0.625,0.4365423944280958,0.4991935032763072,0.8059095101764091,0.8310097
280,0.9041978245407106,0.75,0.9133808679697916,0.9115140118594663,0.8800857248549095,0.88265413
281,0.9557715285057578,1.0,0.9066577109440642,0.976364499831596,0.9448302503205978,0.9018621
282,0.9041978245407106,0.75,0.8638209776151967,0.8826775339738885,0.8800857248549095,0.91534144
283,0.9041978245407106,1.0,0.864023843596824,0.8761284001918476,0.8800857248549095,0.9099448
284,0.7185752184092451,0.75,0.8651592245108806,0.8530344053740695,0.776915564411902,0.8574836
285,0.9041978245407106,0.875,0.863934227156253,0.8849339831770366,0.8800857248549095,0.9407177
286,0.9041978245407106,0.75,0.8638209776151967,0.8826775339738885,0.8800857248549095,0.85354424
287,0.9041978245407106,1.0,0.8640474252509113,0.9156859293074535,0.8800857248549095,0.9618891
288,0.9041978245407106,1.0,0.8635959895646855,0.892603909461359,0.7739475738159218,0.9257754
289,0.2534696668928259,0.125,0.21335626466091953,0.29195356516664794,0.387030176251284,0.29201233
290,0.15866956776218455,0.0,0.13227456651286348,0.005863782306321985,0.09213845083547925,0.013086498
291,0.026883770336588286,0.0,0.03957162488882226,0.0,0.00531917813023313,0.0010599494
292,0.9041978245407106,0.25,0.767163982218314,0.8944752095345929,0.7739475738159218,0.595127
293,0.2534696668928259,0.625,0.2130775505140386,0.495106998071617,0.387030176251284,0.53528154
294,0.9041978245407106,1.0,0.8640474252509113,0.9156859293074535,0.8800857248549095,0.9618891
295,0.6960179594730407,0.625,0.8345642997239883,0.6080209770551379,0.7739475738159218,0.7472569
296,0.9041978245407106,0.75,0.8641546767195422,0.8976936623218327,0.8800857248549095,0.8661014
297,0.09840707585806374,0.125,0.08533668132152594,0.805179470821576,0.11427024745360934,0.6189115
298,0.6960179594730407,0.625,0.863952224690824,0.43196885470525637,0.7739475738159218,0.3986392
299,0.19297194527877148,0.0,0.1873282148692372,0.005863782306321985,0.09213845083547925,0.01479125
300,0.15569921180814017,0.375,0.14286146922637472,0.008647198762610173,0.12345183179393696,0.0086295605
301,0.8005406834558564,0.75,0.834339973255937,0.6244851431816638,0.8023274356628002,0.8091993
302,0.8875549220763844,0.875,0.8637355428955334,0.953026059189486,0.8805191943185128,0.94173926
303,0.4373793502259843,0.0,0.12215999620930841,0.062403808736666525,0.09213845083547925,0.037881434
304,0.9132327171837705,1.0,0.8704320947092377,0.8429645025459265,0.8665375427102178,0.83686155
305,0.23058652300008975,0.25,0.19376817204004138,0.11508239427306141,0.03010422154677474,0.22246283
306,0.042821944656016186,0.0,0.06560690745467594,0.0,0.06125632841097692,0.0018548965
307,0.19297194527877148,0.125,0.1172866718856781,0.005863782306321985,0.09213845083547925,0.014098704
308,0.7599362514190638,0.875,0.8417403712627398,0.9398210203879483,0.7134401961294567,0.87693787
309,0.02132482764552679,0.0,0.03190084221184873,0.0,0.00531917813023313,0.0024049878
310,0.02132482764552679,0.0,0.04918788143487936,0.0,0.00531917813023313,0.0077618957
311,0.05330536054570667,0.0,0.07374265617484889,0.0,0.00531917813023313,0.0073960423
312,0.35308683706293287,0.125,0.1220691798025954,0.5186479353079962,0.08601066719659406,0.16502136
313,0.9041978245407106,1.0,0.8640474252509113,0.9156859293074535,0.8800857248549095,0.9450292
314,0.8518735234753116,1.0,0.9079053635031075,0.933344265046542,0.6593220074671647,0.9221681
315,0.2534696668928259,0.25,0.21332805852059736,0.3102079058249661,0.387030176251284,0.3163917
316,0.49638564287217757,0.125,0.15927394217350074,0.06364493526841092,0.09213845083547925,0.056401134
317,0.6960179594730407,0.875,0.9006517794149859,0.8998086911586282,0.7739475738159218,0.9301498
318,0.033841706089060675,0.0,0.06589469702662984,0.0,0.00531917813023313,0.0065379143
319,0.033841706089060675,0.0,0.039151068335134764,0.0,0.00531917813023313,0.00055867434
320,0.9041978245407106,1.0,0.8641511906225063,0.9310652787055078,0.8800857248549095,0.95644414
321,0.9041978245407106,1.0,0.8640474252509113,0.9156859293074535,0.8800857248549095,0.9450292
322,0.2534696668928259,0.25,0.10180716252213262,0.09641552997297977,0.08601066719659406,0.11089921
323,0.12616755717809558,0.0,0.06671825422476596,0.013477531566463271,0.00531917813023313,0.008199751
324,0.995707654557028,1.0,0.9877639899527048,0.9872548962818424,0.9448302503205978,0.9933824
325,0.06024247570466423,0.0,0.07027644166802566,0.008333245909233313,0.0714258531132304,0.01981473
326,0.9041978245407106,1.0,0.9135416092880679,0.9197313898438276,0.8800857248549095,0.9410088
327,0.2534696668928259,0.0,0.07252384002952833,0.11884049757285262,0.08601066719659406,0.059679568
328,0.2981350928799973,0.25,0.2360264271244766,0.10481807187652675,0.3993682880945453,0.2636147
329,0.026883770336588286,0.0,0.045723068867955644,0.0020181888287151444,0.00531917813023313,0.009966791
330,0.12616755717809558,0.125,0.13561595205538807,0.0060213567540369954,0.013005928853754942,0.008197963
331,0.6960179594730407,0.625,0.8640481500881795,0.5774341108903377,0.7739475738159218,0.7329918
332,0.4343743136743453,0.75,0.7730241710874283,0.7101057009340411,0.7134401961294567,0.83338445
333,0.9720188522046149,1.0,0.938538662201272,0.9874288093253206,0.9448302503205978,0.9933824
334,0.026883770336588286,0.0,0.04910356943555302,0.0,0.00531917813023313,0.0073960423
335,0.9041978245407106,1.0,0.8640474252509113,0.9156859293074535,0.8800857248549095,0.9450292
336,0.4343743136743453,0.75,0.7748435492359759,0.7819087404926303,0.7134401961294567,0.748825
337,0.02132482764552679,0.0,0.03166174906456986,0.0,0.00531917813023313,0.0013875961
338,0.9041978245407106,0.75,0.9133524560428019,0.8761284001918476,0.8800857248549095,0.9099448
339,0.6960179594730407,0.75,0.8892428169205462,0.5794885368762106,0.7739475738159218,0.42814487
340,0.3218282667911866,0.0,0.15910001930786533,0.02179504323887303,0.027744895004992304,0.09532648
341,0.2313303401428073,0.0,0.1737380546864064,0.015352909745331355,0.07274153478430587,0.039550304
342,0.9041978245407106,1.0,0.8635959895646855,0.892603909461359,0.7739475738159218,0.87051713
343,0.9041978245407106,1.0,0.8635959895646855,0.892603909461359,0.7739475738159218,0.87051713
344,0.9041978245407106,1.0,0.8635959895646855,0.892603909461359,0.7739475738159218,0.9257754
345,0.15569921180814017,0.0,0.08377599554844742,0.011797240023578308,0.06125632841097692,0.009044826
346,0.4373793502259843,0.25,0.15822638025697827,0.06364493526841092,0.09213845083547925,0.056401134
347,0.30093591815469045,0.25,0.23112309404815407,0.503579273266325,0.387030176251284,0.48021728
348,0.13889884467855407,0.125,0.16442689710256747,0.0015873015873015873,0.14919526528222166,0.008931637
349,0.9041978245407106,0.875,0.863934227156253,0.8849339831770366,0.8800857248549095,0.9407177
350,0.9041978245407106,0.875,0.8638570802818748,0.8942851974429268,0.8800857248549095,0.9272291
351,0.6960179594730407,0.625,0.8637567227948191,0.6874585876173676,0.7739475738159218,0.83752453
352,0.9720188522046149,1.0,0.939056429956969,0.9807714557348269,0.9448302503205978,0.98165464
353,0.9647871755654884,1.0,0.9239556147132114,0.9573437368709672,0.9448302503205978,0.93765014
354,0.9041978245407106,0.875,0.8641553817987523,0.8954416100214468,0.8800857248549095,0.8108568
355,0.9041978245407106,0.75,0.8638209776151967,0.8826775339738885,0.8800857248549095,0.85354424
356,0.026883770336588286,0.0,0.037248424472917444,0.0007399933399933399,0.00531917813023313,0.00407362
357,0.2534696668928259,0.25,0.1017543956545832,0.11884049757285262,0.08601066719659406,0.13163549
358,0.2534696668928259,0.25,0.21332135215882714,0.2867749537295852,0.387030176251284,0.26321334
359,0.2534696668928259,0.25,0.21332135215882714,0.2867749537295852,0.387030176251284,0.26321334
360,0.9860727842518979,1.0,0.9664584315957246,0.9859042428171475,0.9448302503205978,0.9954514
361,0.7437885798102325,0.625,0.8829614473770259,0.8896422925277919,0.7739475738159218,0.87051713
362,0.49638564287217757,0.75,0.5411005790077882,0.7138023189407224,0.8059095101764091,0.80071396
363,0.9041978245407106,1.0,0.8641851115877147,0.9200684455193292,0.8800857248549095,0.92270064
364,0.8444701650006351,1.0,0.8414802492814821,0.9007721657901394,0.7495070442168045,0.7987457
365,0.9041978245407106,1.0,0.8641511906225063,0.9310652787055078,0.8800857248549095,0.951611
366,0.09455875480585862,0.0,0.12329195620009985,0.1182811814676505,0.08601066719659406,0.029194295
367,0.2534696668928259,0.25,0.19324310978300224,0.26129099327355854,0.387030176251284,0.21785659
368,0.2534696668928259,0.125,0.21335626466091953,0.29195356516664794,0.387030176251284,0.29201233
369,0.02132482764552679,0.0,0.033936098012689,0.0,0.00531917813023313,0.0073960423
370,0.7437885798102325,0.25,0.7139391015821,0.6080209770551379,0.7739475738159218,0.3626287
371,0.9228780949256324,0.75,0.8889360927280262,0.9257475979383357,0.8800857248549095,0.96979535
372,0.9041978245407106,1.0,0.864023843596824,0.8761284001918476,0.8800857248549095,0.9099448
373,0.37721808321339834,1.0,0.7823647672098163,0.7513784282067681,0.7134401961294567,0.672488
374,0.6676517603084515,0.5,0.5420906875384998,0.8771581942324046,0.8059095101764091,0.9128366
375,0.19297194527877148,0.0,0.13178089966792464,0.005863782306321985,0.09213845083547925,0.05437106
376,0.2534696668928259,0.25,0.21349764921696107,0.28136708196789084,0.387030176251284,0.32129103
377,0.7863563945354872,0.375,0.8387467351550597,0.796942535699646,0.7739475738159218,0.83265734
378,0.9041978245407106,0.875,0.8648583449442973,0.8591321261054108,0.8800857248549095,0.9156171
379,0.9557715285057578,1.0,0.9066666566759831,0.9779057188457143,0.9448302503205978,0.95903987
380,0.042821944656016186,0.0,0.06524292827429687,0.0,0.06125632841097692,0.0011445284
381,0.12616755717809558,0.125,0.10834318087321346,0.014883801448507329,0.013005928853754942,0.0025520325
382,0.9041978245407106,0.75,0.8640429263394892,0.8337794996820129,0.8800857248549095,0.71708083
383,0.19297194527877148,0.125,0.13239369672560886,0.01848790023645603,0.09213845083547925,0.040570498
384,0.9041978245407106,1.0,0.8640474252509113,0.9156859293074535,0.8800857248549095,0.9450292
385,0.7534787174394859,0.75,0.8691555866588584,0.8732377145243538,0.8327407841425987,0.8571067
386,0.8206027049335993,1.0,0.7583942169751304,0.9726453282556571,0.9188145410209158,0.9299785
387,0.2534696668928259,0.25,0.1017543956545832,0.11884049757285262,0.08601066719659406,0.13163549
388,0.9041978245407106,1.0,0.8640734000286475,0.9310652787055078,0.8800857248549095,0.95032924
389,0.2534696668928259,0.25,0.10183691140625022,0.09641552997297977,0.08601066719659406,0.12116909
390,0.6552735508799289,0.25,0.8159867292317754,0.404120221889561,0.6316788732888193,0.40780807
391,0.9041978245407106,0.875,0.8640629531397348,0.8601657972954656,0.8800857248549095,0.82995707
392,0.9720188522046149,1.0,0.9390063738149265,0.9807714557348269,0.9448302503205978,0.94844735
393,0.07516725645397182,0.0,0.05625033951360002,0.008333245909233313,0.0714258531132304,0.009953678
394,0.12616755717809558,0.125,0.11466051571658575,0.0028838014485073307,0.013005928853754942,0.0025520325
395,0.9557715285057578,1.0,0.9066642991246386,0.9747924881614766,0.9448302503205978,0.95208293
396,0.4373793502259843,0.75,0.3520190455680102,0.5597624844115457,0.8059095101764091,0.7294156
397,0.8398071970510629,0.875,0.91426322167675,0.9380024277889547,0.8978406759821651,0.9348401
398,0.9041978245407106,0.875,0.8638478109994181,0.8923974296097242,0.7739475738159218,0.9257754
399,0.2534696668928259,0.0,0.08579537143379475,0.09641552997297977,0.08601066719659406,0.11089921
400,0.9041978245407106,0.75,0.8640429263394892,0.8337794996820129,0.8800857248549095,0.7881838
401,0.9041978245407106,1.0,0.864023843596824,0.8761284001918476,0.8800857248549095,0.8731358
402,0.2509520242189536,0.5,0.2196125790493417,0.6684058676932786,0.3993682880945453,0.7417499
403,0.7599362514190638,1.0,0.8034403513241443,0.9326422111287028,0.8023274356628002,0.7361417
404,0.4373793502259843,0.75,0.35170584285111084,0.8844860809121956,0.8059095101764091,0.9242523
405,0.9228780949256324,1.0,0.8843718646577678,0.8923974296097242,0.7739475738159218,0.9257754
406,0.9041978245407106,0.75,0.9133808679697916,0.9115140118594663,0.8800857248549095,0.88265413
407,0.13889884467855407,0.0,0.11951558139012818,0.004,0.012656690746474027,0.007950723
408,0.9041978245407106,0.75,0.8640662066985473,0.9027803927288215,0.8800857248549095,0.88265413
409,0.6676517603084515,1.0,0.8093676515904801,0.9473632941932086,0.8059095101764091,0.9149181
410,0.9041978245407106,1.0,0.8640474252509113,0.9156859293074535,0.8800857248549095,0.9450292
411,0.8367676883842564,1.0,0.8240371424211848,0.9486010792199988,0.6206744601028564,0.8629825
412,0.19297194527877148,0.0,0.1324389641907307,0.005863782306321985,0.09213845083547925,0.008395195
413,0.9557715285057578,1.0,0.8963849306003703,0.8030602450087698,0.8978406759821651,0.9285347
414,0.9041978245407106,0.75,0.913364174091777,0.8337794996820129,0.8800857248549095,0.7881838
415,0.2534696668928259,0.875,0.3266729661443494,0.503579273266325,0.387030176251284,0.44919276
416,0.35308683706293287,0.125,0.12179617472557151,0.14498361629407203,0.08601066719659406,0.12116909
417,0.35308683706293287,0.125,0.14688983199202352,0.3238969360321578,0.08601066719659406,0.060448527
418,0.9041978245407106,1.0,0.8635959895646855,0.892603909461359,0.7739475738159218,0.87051713
419,0.5554927869454682,1.0,0.7234133524517988,0.7387553774094224,0.8059095101764091,0.7862395
420,0.9041978245407106,1.0,0.8640474252509113,0.9156859293074535,0.8800857248549095,0.9450292
421,0.9041978245407106,1.0,0.8640727544365039,0.9310652787055078,0.8800857248549095,0.95032924
422,0.9041978245407106,1.0,0.864050639603981,0.9159178620805628,0.8800857248549095,0.8205794
423,0.5554927869454682,0.625,0.43760876735152876,0.9392761729810872,0.8059095101764091,0.9815438
424,0.9720188522046149,1.0,0.9384695319579865,0.9872548962818424,0.9448302503205978,0.9911762
425,0.9041978245407106,1.0,0.8641511906225063,0.9310652787055078,0.8800857248549095,0.951611
426,0.30093591815469045,0.0,0.1020728471505083,0.11884049757285262,0.08601066719659406,0.12060034
427,0.15866956776218455,0.0,0.13455124002613034,0.01848790023645603,0.09213845083547925,0.040570498
428,0.8801726993426615,1.0,0.8484233193418679,0.9451419865621887,0.8741462300949311,0.8733905
429,0.9041978245407106,0.75,0.7636151814667224,0.8761284001918476,0.8800857248549095,0.3253448
430,0.6960179594730407,0.375,0.7959329343842667,0.5761566405958594,0.7739475738159218,0.42845535
431,0.49638564287217757,0.5,0.3775989207169956,0.7387553774094224,0.8059095101764091,0.80645937
432,0.30093591815469045,0.0,0.1020728471505083,0.11884049757285262,0.08601066719659406,0.13163549
433,0.9041978245407106,0.875,0.8641722853914736,0.9160684455193292,0.8800857248549095,0.92270064
434,0.4343743136743453,0.625,0.786397200389875,0.5981827123085518,0.7134401961294567,0.5897578
435,0.06400473904660864,0.0,0.0737152673735073,0.0020181888287151444,0.03385227836521611,0.0066832304
436,0.6676517603084515,0.75,0.5951948863136038,0.7746021656767638,0.8059095101764091,0.8310097
437,0.22736734702884087,0.0,0.11465956635186861,0.08201864018334606,0.00531917813023313,0.016327798
438,0.8029367571787975,0.625,0.9177186194443877,0.701044944665621,0.7461592949526145,0.8489189
439,0.9041978245407106,0.875,0.8638478109994181,0.8923974296097242,0.7739475738159218,0.87051713
440,0.33707710856739914,0.25,0.1901652558482845,0.08925720645548994,0.08796290408753785,0.06804758
441,0.9041978245407106,0.75,0.8638209776151967,0.8826775339738885,0.8800857248549095,0.91534144
442,0.9228780949256324,0.75,0.8887588938137312,0.8018494988732215,0.8800857248549095,0.6514499
443,0.2534696668928259,0.25,0.1017543956545832,0.11884049757285262,0.08601066719659406,0.12060034
444,0.9041978245407106,0.875,0.8640144075417986,0.8444690236478949,0.8800857248549095,0.8548273
445,0.12886380825544075,0.0,0.1323864527253549,0.054358127509492746,0.033801825045339656,0.057372093
446,0.1022358657261041,0.0,0.067239737746623,0.005477531566463272,0.00531917813023313,0.008199751
447,0.6960179594730407,0.625,0.8346362530053932,0.5761566405958594,0.7739475738159218,0.6538975
448,0.15473571044294254,0.625,0.34035353955511927,0.012937832102537987,0.013005928853754942,0.044038534
449,0.6960179594730407,0.625,0.863952224690824,0.43196885470525637,0.7739475738159218,0.3986392
450,0.8357615606746243,1.0,0.8835526056400348,0.8732897545174336,0.7134401961294567,0.8603511
451,0.9647871755654884,1.0,0.9238698540619277,0.9486072469476712,0.9448302503205978,0.93026435
452,0.6960179594730407,0.375,0.7958402397604323,0.614140635174796,0.7739475738159218,0.5398313
453,0.4343743136743453,0.625,0.8481391724259867,0.4714178363924418,0.7134401961294567,0.29852474
454,0.9041978245407106,1.0,0.864023843596824,0.8761284001918476,0.8800857248549095,0.8731358
455,0.9041978245407106,1.0,0.8640474252509113,0.9156859293074535,0.8800857248549095,0.9450292
456,0.6960179594730407,0.75,0.8157392661615973,0.5761566405958594,0.7739475738159218,0.4922982
457,0.09455875480585862,0.0,0.058196610717944075,0.05045060041294057,0.08601066719659406,0.015557945
458,0.2534696668928259,0.25,0.16426740551515698,0.110043766619828,0.08601066719659406,0.12711763
459,0.9041978245407106,1.0,0.8640701281843178,0.9115140118594663,0.8800857248549095,0.88265413
460,0.6960179594730407,0.75,0.8157392661615973,0.5761566405958594,0.7739475738159218,0.4922982
461,0.9557715285057578,0.875,0.9066359497442694,0.9455884309362913,0.9448302503205978,0.9502663
462,0.6960179594730407,0.75,0.8150675596878544,0.8234457019712549,0.7739475738159218,0.92993087
463,0.9041978245407106,0.875,0.8997936143623344,0.892603909461359,0.7739475738159218,0.9257754
464,0.9041978245407106,1.0,0.864023843596824,0.8761284001918476,0.8800857248549095,0.8731358
465,0.9041978245407106,1.0,0.8641851115877147,0.9200684455193292,0.8800857248549095,0.92270064
466,0.9557715285057578,1.0,0.8963849306003703,0.8030602450087698,0.8978406759821651,0.9285347
467,0.6960179594730407,0.75,0.889566810686193,0.5761566405958594,0.7739475738159218,0.6538975
468,0.9041978245407106,1.0,0.8640740617042642,0.9310652787055078,0.8800857248549095,0.95032924
469,0.15473571044294254,0.125,0.13229579340886907,0.012937832102537987,0.013005928853754942,0.044038534
470,0.9041978245407106,1.0,0.8641511906225063,0.9310652787055078,0.8800857248549095,0.951611
471,0.9557715285057578,0.875,0.906570917724501,0.956474633880934,0.9448302503205978,0.9844684
472,0.35004368145476483,0.125,0.12861462202752266,0.08805693827328787,0.0714258531132304,0.03216815
473,0.07610053083877777,0.0,0.058397457588539294,0.11154780166146182,0.08601066719659406,0.05471039
474,0.2534696668928259,0.75,0.2128579440707097,0.40585457484343485,0.387030176251284,0.5053756
475,0.8398071970510629,0.875,0.883892256116269,0.9624673617844584,0.8978406759821651,0.93642956
476,0.7599362514190638,0.875,0.8419101919834342,0.942899783171059,0.7134401961294567,0.9296773
477,0.9647871755654884,1.0,0.9246185340522174,0.9807714557348269,0.9448302503205978,0.94844735
478,0.9041978245407106,1.0,0.8641066510849397,0.9310652787055078,0.8800857248549095,0.95426977
479,0.30093591815469045,0.5,0.21579291648740442,0.2611997227282677,0.387030176251284,0.48548836
480,0.8206027049335993,0.875,0.9078407553378557,0.9726453282556571,0.9188145410209158,0.9299785
481,0.9041978245407106,1.0,0.8733384089889876,0.9239054903170641,0.7739475738159218,0.94439024
482,0.9041978245407106,0.75,0.9133524560428019,0.8761284001918476,0.8800857248549095,0.9099448
483,0.2534696668928259,0.75,0.3262389775929717,0.4469314839356588,0.387030176251284,0.4942872
484,0.4343743136743453,0.375,0.7449950314873272,0.46504450305910844,0.7134401961294567,0.14446306
485,0.6676517603084515,1.0,0.8093676515904801,0.9473632941932086,0.8059095101764091,0.9149181
486,0.04524170081321344,0.125,0.059242834875401613,0.0,0.043464287070673,0.0007585287
487,0.6960179594730407,0.75,0.8617530504353753,0.5062840863905385,0.7739475738159218,0.51088834
488,0.9041978245407106,1.0,0.864023843596824,0.8761284001918476,0.8800857248549095,0.8731358
489,0.13889884467855407,0.625,0.3749558907378136,0.0015873015873015873,0.14919526528222166,0.008931637
490,0.9647871755654884,1.0,0.9238698540619277,0.9486072469476712,0.9448302503205978,0.93026435
491,0.9041978245407106,1.0,0.8641511906225063,0.9310652787055078,0.8800857248549095,0.95644414
492,0.6960179594730407,0.625,0.863952224690824,0.43196885470525637,0.7739475738159218,0.3986392
493,0.6960179594730407,0.75,0.8888655248228525,0.8576817112534083,0.7739475738159218,0.9509058
494,0.7140187596483936,0.875,0.7684757395549536,0.9358282491228272,0.8023274356628002,0.9175067
495,0.8398071970510629,0.875,0.8986752235789769,0.9333741899336229,0.9448302503205978,0.84981525
496,0.026883770336588286,0.0,0.0826876363034192,0.0,0.00531917813023313,0.0035548806
497,0.6960179594730407,0.625,0.8604548075838047,0.9145699811604651,0.8800857248549095,0.8667456
498,0.09840707585806374,0.125,0.09077097362318992,0.805179470821576,0.11427024745360934,0.60331154
499,0.9557715285057578,1.0,0.9066642991246386,0.9747924881614766,0.9448302503205978,0.95208293
500,0.9557715285057578,0.875,0.906570917724501,0.956474633880934,0.9448302503205978,0.9844684
501,0.2534696668928259,0.125,0.21335626466091953,0.29195356516664794,0.387030176251284,0.29201233
502,0.2534696668928259,0.25,0.2133894887738734,0.32512361590616234,0.387030176251284,0.3102743
503,0.2534696668928259,0.75,0.21291117606741106,0.4469314839356588,0.387030176251284,0.4942872
504,0.02132482764552679,0.0,0.03871086411861472,0.0,0.00531917813023313,0.0077618957
505,0.4343743136743453,0.75,0.77377444156467,0.696198195682274,0.7134401961294567,0.82651913
506,0.12616755717809558,0.0,0.0667919305971562,0.007882516611328676,0.00531917813023313,0.011482
507,0.6960179594730407,0.75,0.889566810686193,0.5761566405958594,0.7739475738159218,0.6538975
508,0.8398071970510629,0.875,0.8982556215555545,0.943148588626218,0.9448302503205978,0.8510599
509,0.5542891686328777,0.5,0.8240323152859863,0.23414082504029401,0.6206744601028564,0.203911
510,0.7140187596483936,0.875,0.7685426717745023,0.6244851431816638,0.8023274356628002,0.75535804
511,0.7140187596483936,0.875,0.7684757395549536,0.9358282491228272,0.8023274356628002,0.88339263
512,0.6960179594730407,0.25,0.6819941930084867,0.17298416548721415,0.7739475738159218,0.12433863
513,0.09455875480585862,0.125,0.15151585668150486,0.08318871649818442,0.08601066719659406,0.056700706
514,0.9557715285057578,1.0,0.9066988825062299,0.9856382069175222,0.9448302503205978,0.98718625
515,0.6960179594730407,0.75,0.8152918602392251,0.6966427614429737,0.7739475738159218,0.79536843
516,0.2534696668928259,0.125,0.09665782596192612,0.110043766619828,0.08601066719659406,0.12711763
517,0.6405404588254662,0.5,0.8462707732510449,0.9428544868560594,0.8741462300949311,0.92188233
518,0.30093591815469045,0.0,0.1020728471505083,0.11884049757285262,0.08601066719659406,0.13163549
519,0.9041978245407106,1.0,0.8640474252509113,0.9156859293074535,0.8800857248549095,0.9450292
520,0.02132482764552679,0.0,0.03868173997562368,0.0,0.00531917813023313,0.0068617463
521,0.9041978245407106,1.0,0.8640474252509113,0.9156859293074535,0.8800857248549095,0.9618891
522,0.9041978245407106,0.875,0.8641553817987523,0.8954416100214468,0.8800857248549095,0.8108568
523,0.026883770336588286,0.0,0.07948288907283564,0.0020181888287151444,0.00531917813023313,0.009966791
524,0.9041978245407106,0.75,0.8641546767195422,0.8976936623218327,0.8800857248549095,0.85278636
525,0.9041978245407106,1.0,0.8640701281843178,0.9115140118594663,0.8800857248549095,0.88265413
526,0.2534696668928259,0.25,0.16426740551515698,0.110043766619828,0.08601066719659406,0.12711763
527,0.6960179594730407,0.625,0.8610238931640746,0.8123135648257577,0.7739475738159218,0.90544236
528,0.9041978245407106,0.75,0.8640429263394892,0.8337794996820129,0.8800857248549095,0.7881838
529,0.8357615606746243,1.0,0.88438182608598,0.8503880774376057,0.7134401961294567,0.96935475
530,0.12616755717809558,0.0,0.06123572321851295,0.007882516611328676,0.00531917813023313,0.011482
531,0.9041978245407106,0.75,0.8641546767195422,0.8976936623218327,0.8800857248549095,0.85278636
532,0.9720188522046149,1.0,0.939056429956969,0.9807714557348269,0.9448302503205978,0.98165464
533,0.12616755717809558,0.125,0.12081423015605657,0.006012579909966034,0.013005928853754942,0.014333665
534,0.4373793502259843,0.75,0.35170584285111084,0.8844860809121956,0.8059095101764091,0.9303321
535,0.33707710856739914,0.0,0.2600393208595899,0.08925720645548994,0.08796290408753785,0.06804758
536,0.6960179594730407,0.75,0.8619267664427688,0.5761566405958594,0.7739475738159218,0.6538975
537,0.15866956776218455,0.0,0.13191122885844556,0.005863782306321985,0.09213845083547925,0.013086498
538,0.6960179594730407,0.625,0.8605037688861725,0.9145699811604651,0.8800857248549095,0.8667456
539,0.11692742132916245,0.0,0.09335696018351021,0.049840781291493545,0.08601066719659406,0.06244397
540,0.23263951186525456,0.0,0.14115282747340305,0.01848790023645603,0.09213845083547925,0.05204332
541,0.7114643245811227,1.0,0.8426465453229943,0.9659150823482484,0.7347387510944486,0.9549954
542,0.7114643245811227,1.0,0.8426465453229943,0.9659150823482484,0.7347387510944486,0.9549954
543,0.7599362514190638,0.875,0.8416381155220197,0.7935574933059857,0.7134401961294567,0.8516499
544,0.4343743136743453,0.625,0.8478708517981711,0.694198195682274,0.7134401961294567,0.82651913
545,0.6960179594730407,0.75,0.8895899546748692,0.8851539049277752,0.7739475738159218,0.88977647
546,0.1022358657261041,0.0,0.055922606682023784,0.006642094094238831,0.00531917813023313,0.008592784
547,0.6960179594730407,0.625,0.8637992759667745,0.8515183734945386,0.7739475738159218,0.87051713
548,0.8005406834558564,0.75,0.8345114681755227,0.8743564211841002,0.8023274356628002,0.8706398
549,0.5826596362353125,0.75,0.5162485622263099,0.10608854963197645,0.05238825268298952,0.05210805
550,0.7052775694337918,0.375,0.8266033187481511,0.4491449259425534,0.6983420434604587,0.44823533
551,0.6960179594730407,0.625,0.8630862910287275,0.8851539049277752,0.7739475738159218,0.82310915
552,0.8801726993426615,1.0,0.8484098318737034,0.9447030384703797,0.8741462300949311,0.83900493
553,0.9041978245407106,0.875,0.8641553817987523,0.8954416100214468,0.8800857248549095,0.8271957
554,0.2534696668928259,0.25,0.21334945964458446,0.328254656385904,0.387030176251284,0.3268088
555,0.6960179594730407,0.75,0.889566810686193,0.5761566405958594,0.7739475738159218,0.6538975
556,0.026883770336588286,0.0,0.07980945133927897,0.0007399933399933399,0.00531917813023313,0.007944763
557,0.37721808321339834,1.0,0.7813395402918134,0.6428132301624759,0.7134401961294567,0.54566133
558,0.09342200371139397,0.0,0.06017769525244236,0.01734856110887875,0.0714258531132304,0.022977352
559,0.30093591815469045,0.25,0.23095473764739458,0.3537068040601057,0.387030176251284,0.44781178
560,0.9041978245407106,1.0,0.8640701281843178,0.9115140118594663,0.8800857248549095,0.88265413
561,0.9041978245407106,1.0,0.8640474252509113,0.9156859293074535,0.8800857248549095,0.9618891
562,0.9041978245407106,1.0,0.8635512098732042,0.9051553230196082,0.7739475738159218,0.87051713
563,0.9041978245407106,1.0,0.864023843596824,0.8761284001918476,0.8800857248549095,0.8731358
564,0.2534696668928259,0.5,0.2132761488539301,0.503579273266325,0.387030176251284,0.48021728
565,0.9529477963739413,1.0,0.9200500083256811,0.8991728596011586,0.8968210496814386,0.8979851
566,0.9041978245407106,1.0,0.8640474252509113,0.9156859293074535,0.8800857248549095,0.9618891
567,0.6676517603084515,0.875,0.5562882026188333,0.8771581942324046,0.8059095101764091,0.95888793
568,0.9041978245407106,0.75,0.8641546767195422,0.8976936623218327,0.8800857248549095,0.85278636
569,0.9041978245407106,0.875,0.8640538620318251,0.8881387028067104,0.8800857248549095,0.8046166
570,0.9132327171837705,0.875,0.9025269462221077,0.7473816223334745,0.776915564411902,0.9028783
571,0.11692742132916245,0.25,0.16178168403319101,0.049840781291493545,0.08601066719659406,0.06244397
572,0.8398071970510629,0.375,0.7308828136184979,0.27514453606207234,0.8978406759821651,0.26152968
573,0.15569921180814017,0.375,0.14286146922637472,0.008647198762610173,0.12345183179393696,0.0086295605
574,0.9041978245407106,1.0,0.864023843596824,0.8761284001918476,0.8800857248549095,0.9099448
575,0.8398071970510629,0.875,0.8986725376427601,0.9341241899336229,0.9448302503205978,0.950373
576,0.2534696668928259,0.25,0.1017543956545832,0.11884049757285262,0.08601066719659406,0.13163549
577,0.19297194527877148,0.0,0.08929971246671779,0.016487900236456028,0.09213845083547925,0.07709324
578,0.30093591815469045,0.25,0.23135828426599236,0.3437499088606092,0.387030176251284,0.34762394
579,0.9557715285057578,0.875,0.9066497846562444,0.6852804365847077,0.9448302503205978,0.69582856
580,0.35308683706293287,0.125,0.14560299847520672,0.1576998784102758,0.08601066719659406,0.111172915
581,0.07926340670496967,0.125,0.07829929521023563,0.26123042643676275,0.11427024745360934,0.041208565
582,0.8398071970510629,0.875,0.91426322167675,0.9380024277889547,0.8978406759821651,0.9348401
583,0.6960179594730407,0.5,0.7764378827338945,0.8523695891185904,0.7739475738159218,0.97681683
584,0.9041978245407106,0.875,0.8639271797209386,0.8931137174609206,0.8800857248549095,0.8441426
585,0.09342200371139397,0.0,0.06634943263513973,0.01734856110887875,0.0714258531132304,0.022977352
586,0.6960179594730407,0.875,0.9005980120375208,0.9145699811604651,0.7739475738159218,0.9301498
587,0.7863563945354872,0.625,0.8945224035167946,0.17298416548721415,0.7739475738159218,0.43539017
588,0.9041978245407106,1.0,0.864023843596824,0.8761284001918476,0.8800857248549095,0.9099448
589,0.9041978245407106,1.0,0.864023843596824,0.8761284001918476,0.8800857248549095,0.8731358
590,0.9041978245407106,0.875,0.8641722853914736,0.9160684455193292,0.8800857248549095,0.92270064
591,0.026883770336588286,0.0,0.07523100903587825,0.0,0.00531917813023313,0.0035548806
592,0.9041978245407106,1.0,0.9134305474858799,0.9310652787055078,0.8800857248549095,0.95644414
593,0.5554927869454682,0.5,0.7263207106292615,0.8209372538997413,0.8059095101764091,0.80720097
594,0.9647871755654884,0.875,0.906275572644558,0.847437788950632,0.8978406759821651,0.9215678
595,0.9720188522046149,1.0,0.9383619305180569,0.9455884309362913,0.9448302503205978,0.9502663
596,0.06024247570466423,0.0,0.08126400079322631,0.023915917292609886,0.0714258531132304,0.11913407
597,0.8875549220763844,1.0,0.911457030085982,0.953026059189486,0.8805191943185128,0.94173926
598,0.9557715285057578,1.0,0.906731221941215,0.9781995094684824,0.9448302503205978,0.9355022
599,0.4343743136743453,0.625,0.8400685492934413,0.46999132531920845,0.7134401961294567,0.7010497
600,0.6130702468480158,0.25,0.22215288476157166,0.4991935032763072,0.09213845083547925,0.13785851
601,0.9041978245407106,1.0,0.8640474252509113,0.9156859293074535,0.8800857248549095,0.9450292
602,0.6960179594730407,0.75,0.8890421429931148,0.8508311275801288,0.7739475738159218,0.97681683
603,0.9041978245407106,0.75,0.9133524560428019,0.8761284001918476,0.8800857248549095,0.9099448
604,0.6960179594730407,0.625,0.8346362530053932,0.5761566405958594,0.7739475738159218,0.6538975
605,0.9228780949256324,0.75,0.8880565015090536,0.9027803927288215,0.8800857248549095,0.88265413
606,0.9041978245407106,1.0,0.8640474252509113,0.9156859293074535,0.8800857248549095,0.9450292
607,0.6960179594730407,0.625,0.8344046288225542,0.43196885470525637,0.7739475738159218,0.20824915
608,0.35004368145476483,0.125,0.12809147586169756,0.03262881502436117,0.0714258531132304,0.07901758
609,0.06024247570466423,0.0,0.07020056795087268,0.008333245909233313,0.0714258531132304,0.014508605
610,0.7114643245811227,0.875,0.6136311433651522,0.9659150823482484,0.7347387510944486,0.9549954
611,0.9041978245407106,1.0,0.8641851115877147,0.9200684455193292,0.8800857248549095,0.88570213
612,0.1022358657261041,0.125,0.11103671541270928,0.0060213567540369954,0.013005928853754942,0.008197963
613,0.9041978245407106,1.0,0.8640701281843178,0.9115140118594663,0.8800857248549095,0.88265413
614,0.9041978245407106,1.0,0.864023843596824,0.8761284001918476,0.8800857248549095,0.9099448
615,0.04252177368416887,0.0,0.090977758820998,0.0007399933399933399,0.00531917813023313,0.007944763
616,0.9720188522046149,1.0,0.9386696062196312,0.9859042428171475,0.9448302503205978,0.997612
617,0.49638564287217757,0.5,0.3775989207169956,0.7387553774094224,0.8059095101764091,0.80645937
618,0.15473571044294254,0.125,0.07754015476154091,0.005477531566463272,0.00531917813023313,0.008199751
619,0.9041978245407106,0.875,0.8638478109994181,0.8923974296097242,0.7739475738159218,0.87051713
620,0.7599362514190638,0.875,0.8035850357263113,0.8579504979283494,0.8023274356628002,0.8620396
621,0.7437885798102325,0.25,0.7140809073163813,0.17298416548721415,0.7739475738159218,0.12433863
622,0.8005406834558564,0.75,0.8348736755813988,0.6187296251020816,0.8023274356628002,0.6688977
623,0.9557715285057578,1.0,0.9066577109440642,0.976364499831596,0.9448302503205978,0.9609562
624,0.8398071970510629,0.875,0.8985745674541862,0.9341241899336229,0.9448302503205978,0.9417406
625,0.6960179594730407,0.75,0.815384604091534,0.6649899391635145,0.7739475738159218,0.78411186
626,0.9041978245407106,0.875,0.8998362927753271,0.8968947047707827,0.7739475738159218,0.9257754
627,0.02132482764552679,0.0,0.03180743746991928,0.0,0.00531917813023313,0.0033733845
628,0.9041978245407106,1.0,0.8640474252509113,0.9156859293074535,0.8800857248549095,0.9450292
629,0.9041978245407106,1.0,0.8640727544365039,0.9310652787055078,0.8800857248549095,0.95032924
630,0.6960179594730407,0.75,0.861737440298394,0.4614706077597442,0.7739475738159218,0.3986392
631,0.9041978245407106,1.0,0.9134508639379724,0.9200684455193292,0.8800857248549095,0.92270064
632,0.6960179594730407,0.5,0.777102058322979,0.43196885470525637,0.7739475738159218,0.20824915
633,0.9041978245407106,0.875,0.9076098547088582,0.9239054903170641,0.7739475738159218,0.94439024
634,0.7180744871804912,1.0,0.8435857586568161,0.931643524693702,0.8059095101764091,0.95618045
635,0.2534696668928259,0.25,0.1017543956545832,0.11884049757285262,0.08601066719659406,0.12060034
636,0.9041978245407106,0.75,0.8640429263394892,0.8337794996820129,0.8800857248549095,0.71708083
637,0.8005406834558564,0.875,0.8640763327191363,0.9451135310741299,0.7134401961294567,0.858446
638,0.7180744871804912,0.75,0.6119374908802231,0.8996055628411999,0.8059095101764091,0.9373723
639,0.7599362514190638,1.0,0.8034157513728514,0.9358282491228272,0.8023274356628002,0.88339263
640,0.9557715285057578,1.0,0.9066577109440642,0.976364499831596,0.9448302503205978,0.9609562
641,0.02132482764552679,0.0,0.038796545215184504,0.0,0.00531917813023313,0.0073960423
642,0.7180744871804912,0.5,0.600267669822739,0.931643524693702,0.8059095101764091,0.95618045
643,0.5542891686328777,0.5,0.8240323152859863,0.23414082504029401,0.6206744601028564,0.203911
644,0.15473571044294254,0.125,0.13229579340886907,0.012937832102537987,0.013005928853754942,0.044038534
645,0.5238989329955926,0.75,0.7996355598262391,0.5906870808925265,0.6593220074671647,0.64354837
646,0.9041978245407106,1.0,0.8640474252509113,0.9156859293074535,0.8800857248549095,0.9618891
647,0.6960179594730407,0.75,0.8614750541112921,0.5794885368762106,0.7739475738159218,0.42814487
648,0.9041978245407106,1.0,0.8641019397724118,0.9310652787055078,0.8800857248549095,0.9492081
649,0.4373793502259843,0.75,0.35214584994997794,0.444885907702147,0.8059095101764091,0.6522509
650,0.9041978245407106,1.0,0.8640474252509113,0.9156859293074535,0.8800857248549095,0.9450292
651,0.1022358657261041,0.0,0.0671271082991477,0.0034262210783658135,0.00531917813023313,0.009690225
652,0.9041978245407106,0.875,0.8639670354420259,0.88744510899846,0.8800857248549095,0.9407177
653,0.2534696668928259,0.125,0.213334788302312,0.30294242327801896,0.387030176251284,0.23955196
654,0.2534696668928259,0.375,0.21365013343705944,0.3138955548073278,0.387030176251284,0.29841435
655,0.8939262124735919,1.0,0.9149577366245356,0.943148588626218,0.8978406759821651,0.9504838
656,0.9041978245407106,1.0,0.8640474252509113,0.9156859293074535,0.8800857248549095,0.9450292
657,0.5554927869454682,0.625,0.4373770977563685,0.9420051856351,0.8059095101764091,0.8452039
658,0.9041978245407106,1.0,0.8635959895646855,0.892603909461359,0.7739475738159218,0.9257754
659,0.49333067827940114,0.75,0.8078458957726737,0.7442056943627628,0.7134401961294567,0.7503536
660,0.49333067827940114,0.75,0.8888312157125374,0.4714178363924418,0.7134401961294567,0.29852474
661,0.9041978245407106,0.875,0.8641553817987523,0.8954416100214468,0.8800857248549095,0.8271957
662,0.6960179594730407,0.75,0.8158056421194398,0.9103826894720816,0.7739475738159218,0.40649027
663,0.9557715285057578,1.0,0.9066988825062299,0.9856382069175222,0.9448302503205978,0.98718625
664,0.9228780949256324,0.75,0.8887399368725225,0.7869941511429055,0.8800857248549095,0.73697805
665,0.8939262124735919,1.0,0.9149577366245356,0.943148588626218,0.8978406759821651,0.858143
666,0.9041978245407106,1.0,0.8635959895646855,0.892603909461359,0.7739475738159218,0.87051713
667,0.9041978245407106,0.75,0.8640662066985473,0.9027803927288215,0.8800857248549095,0.8455852
668,0.9041978245407106,0.75,0.9133524560428019,0.8761284001918476,0.8800857248549095,0.9099448
669,0.026883770336588286,0.125,0.05041740047232065,0.0007399933399933399,0.00531917813023313,0.008376181
670,0.3783636028032932,0.125,0.12858472648525968,0.08884360545815348,0.07274153478430587,0.09740585
671,0.7437885798102325,0.5,0.8041043794795941,0.8851539049277752,0.7739475738159218,0.82310915
672,0.9041978245407106,0.875,0.8999702680393624,0.8923974296097242,0.7739475738159218,0.9257754
673,0.9041978245407106,1.0,0.8635959895646855,0.892603909461359,0.7739475738159218,0.87051713
674,0.9041978245407106,1.0,0.8733384089889876,0.9239054903170641,0.7739475738159218,0.94439024
675,0.9041978245407106,0.75,0.8640662066985473,0.9027803927288215,0.8800857248549095,0.88265413
676,0.9041978245407106,1.0,0.864023843596824,0.8761284001918476,0.8800857248549095,0.8731358
677,0.2534696668928259,0.75,0.21285706249507733,0.216945403333053,0.387030176251284,0.5053756
678,0.8037067033973188,0.875,0.8190956178932687,0.9232983996340365,0.8059095101764091,0.9373723
679,0.4343743136743453,0.375,0.7405681596245467,0.38042984045303346,0.7134401961294567,0.54566133
680,0.2534696668928259,0.5,0.21325339663354442,0.5698665621568153,0.387030176251284,0.56154585
681,0.37721808321339834,0.125,0.6041365157286496,0.6251862120493351,0.7134401961294567,0.27548105
682,0.9041978245407106,0.875,0.8638570802818748,0.8942851974429268,0.8800857248549095,0.9272291
683,0.9912903797785634,1.0,0.9779109272450862,0.9874288093253206,0.9448302503205978,0.9933824
684,0.8005406834558564,1.0,0.8992387337981377,0.7935574933059857,0.7134401961294567,0.914166
685,0.8357615606746243,1.0,0.8831561878626006,0.9438716575121934,0.7134401961294567,0.87693787
686,0.9860727842518979,1.0,0.9663396697180352,0.9872548962818424,0.9448302503205978,0.9933824
687,0.9041978245407106,0.875,0.8637369182893044,0.8945257710179285,0.8800857248549095,0.9187159
688,0.9041978245407106,0.875,0.8640629531397348,0.8601657972954656,0.8800857248549095,0.82995707
689,0.026883770336588286,0.0,0.045091202584735465,0.0,0.00531917813023313,0.0077618957
690,0.4343743136743453,0.25,0.7461872782205033,0.47398074330862644,0.7134401961294567,0.4819901
691,0.30093591815469045,0.5,0.215609978655982,0.26328974470405997,0.387030176251284,0.29841435
692,0.7185752184092451,0.625,0.8644731747649377,0.5439937490837534,0.8665375427102178,0.5097465
693,0.9557715285057578,1.0,0.906731221941215,0.9781995094684824,0.9448302503205978,0.9355022
694,0.6960179594730407,0.75,0.889566810686193,0.5761566405958594,0.7739475738159218,0.6538975
695,0.9557715285057578,0.875,0.9177369658687269,0.9003544373324541,0.8978406759821651,0.9483844
696,0.7140187596483936,0.75,0.8492915170392608,0.9358282491228272,0.8023274356628002,0.9175067
697,0.2534696668928259,0.125,0.2133608238183412,0.2528416149332142,0.387030176251284,0.29201233
698,0.49333067827940114,0.625,0.8648428340197897,0.7530613310386006,0.7134401961294567,0.66676795
699,0.9041978245407106,1.0,0.8636630539435868,0.9310652787055078,0.8800857248549095,0.95032924
700,0.0536773877419382,0.125,0.0625953218945222,0.0,0.06125632841097692,0.0018548965
701,0.6960179594730407,0.25,0.6819941930084867,0.17298416548721415,0.7739475738159218,0.12433863
702,0.49638564287217757,0.75,0.41267674358759027,0.7138023189407224,0.8059095101764091,0.80071396
703,0.9041978245407106,1.0,0.8640714327747693,0.9298462310864601,0.8800857248549095,0.93634266
704,0.9647871755654884,1.0,0.9245435050732069,0.9438164832124072,0.9448302503205978,0.8178685
705,0.6405404588254662,0.625,0.8566194933317464,0.8930680052049618,0.7699008307340395,0.8873373
706,0.15569921180814017,0.125,0.10950512626037288,0.009027027382842863,0.06125632841097692,0.009044826
707,0.6960179594730407,0.25,0.6819941930084867,0.17298416548721415,0.7739475738159218,0.12433863
708,0.08412703558295864,0.0,0.09094664119675533,0.015352909745331355,0.07274153478430587,0.01082927
709,0.13889884467855407,0.125,0.16449036960229507,0.006387301587301587,0.14919526528222166,0.03617096
710,0.07610053083877777,0.0,0.0786522078119758,0.029891199564776528,0.08601066719659406,0.071186006
711,0.6960179594730407,0.625,0.8641480937834563,0.5761566405958594,0.7739475738159218,0.6538975
712,0.4343743136743453,0.75,0.8489418287238129,0.6403836193576551,0.7134401961294567,0.873307
713,0.9557715285057578,1.0,0.906490168745109,0.9558437368709671,0.9448302503205978,0.93765014
714,0.9557715285057578,0.875,0.9177637010138773,0.847437788950632,0.8978406759821651,0.9215678
715,0.9041978245407106,1.0,0.8636630539435868,0.9310652787055078,0.8800857248549095,0.95032924
716,0.042821944656016186,0.0,0.06108390951442749,0.0,0.06125632841097692,0.0011445284
717,0.2534696668928259,0.0,0.07890361961041918,0.110043766619828,0.08601066719659406,0.06805134
718,0.6960179594730407,0.625,0.860423184044008,0.9145699811604651,0.8800857248549095,0.9234719
719,0.8554806267535726,1.0,0.8339650474257906,0.9166766047697565,0.7764357839701514,0.87872916
720,0.06358123181826103,0.0,0.16328583822152531,0.05466309635257699,0.11427024745360934,0.08544636
721,0.9647871755654884,1.0,0.9246177148396907,0.9807714557348269,0.9448302503205978,0.98165464
722,0.9041978245407106,1.0,0.8635959895646855,0.892603909461359,0.7739475738159218,0.9257754
723,0.9041978245407106,0.875,0.8997936143623344,0.892603909461359,0.7739475738159218,0.9257754
724,0.4343743136743453,0.125,0.6394241138781678,0.5420564385822784,0.7134401961294567,0.19199133
725,0.9557715285057578,0.875,0.906570917724501,0.956474633880934,0.9448302503205978,0.9844684
726,0.6130702468480158,0.25,0.222680845189359,0.7875865529787639,0.09213845083547925,0.15077674
727,0.2534696668928259,0.125,0.21335967618975818,0.2528416149332142,0.387030176251284,0.29201233
728,0.9228780949256324,1.0,0.8841511892126871,0.892603909461359,0.7739475738159218,0.87051713
729,0.30093591815469045,0.375,0.25761065296006774,0.4558280029317059,0.387030176251284,0.22460407
730,0.06024247570466423,0.0,0.058409704633197786,0.008333245909233313,0.0714258531132304,0.012835979
731,0.37721808321339834,0.5,0.8636979384992612,0.7728376652504446,0.8023274356628002,0.8829331
732,0.9041978245407106,1.0,0.8733384089889876,0.9239054903170641,0.7739475738159218,0.94439024
733,0.9041978245407106,1.0,0.8635959895646855,0.892603909461359,0.7739475738159218,0.9257754
734,0.9041978245407106,1.0,0.8635959895646855,0.892603909461359,0.7739475738159218,0.9257754
735,0.7853464636650475,0.875,0.883273245218612,0.8495824087200599,0.8875584594093737,0.80362004
736,0.6676517603084515,0.75,0.698135707981196,0.7746021656767638,0.8059095101764091,0.8310097
737,0.37721808321339834,0.375,0.7087904614920171,0.29218021375123276,0.7134401961294567,0.54566133
738,0.9041978245407106,1.0,0.8640474252509113,0.9156859293074535,0.8800857248549095,0.9450292
739,0.9041978245407106,1.0,0.8640474252509113,0.9156859293074535,0.8800857248549095,0.9450292
740,0.6960179594730407,0.75,0.8155191904981925,0.4614706077597442,0.7739475738159218,0.50420374
741,0.4343743136743453,0.75,0.7744773188635209,0.7509348024041809,0.7134401961294567,0.9294139
742,0.05330536054570667,0.0,0.07374265617484889,0.0,0.00531917813023313,0.0073960423
743,0.9228780949256324,0.75,0.888020480548562,0.8761284001918476,0.8800857248549095,0.9099448
744,0.9041978245407106,0.75,0.8640429263394892,0.8337794996820129,0.8800857248549095,0.71708083
745,0.49333067827940114,0.625,0.8587099515009288,0.7861504772919671,0.7134401961294567,0.9193393
746,0.8005406834558564,0.75,0.8345299741932206,0.8743564211841002,0.8023274356628002,0.8706398
747,0.2534696668928259,0.25,0.1017543956545832,0.11884049757285262,0.08601066719659406,0.12060034
748,0.7437885798102325,0.25,0.7140535160486535,0.5761566405958594,0.7739475738159218,0.4922982
749,0.9041978245407106,1.0,0.8640701281843178,0.9115140118594663,0.8800857248549095,0.8455852
750,0.35308683706293287,0.0,0.11645689642356596,0.26331995830422306,0.08601066719659406,0.05566162
751,0.11286416707411773,0.375,0.20627494041262043,0.004,0.14919526528222166,0.035288095
752,0.9041978245407106,0.75,0.8638209776151967,0.8826775339738885,0.8800857248549095,0.91534144
753,0.9041978245407106,1.0,0.8640474252509113,0.9156859293074535,0.8800857248549095,0.9618891
754,0.04252177368416887,0.0,0.1231980369400177,0.0007399933399933399,0.00531917813023313,0.007944763
755,0.13889884467855407,0.0,0.11980013486951421,0.06638095238095236,0.012656690746474027,0.05214703
756,0.9557715285057578,1.0,0.9066642991246386,0.9747924881614766,0.9448302503205978,0.8812189
757,0.9041978245407106,1.0,0.8637408780891804,0.8979775479080375,0.7739475738159218,0.9257754
758,0.9041978245407106,1.0,0.864023843596824,0.8761284001918476,0.8800857248549095,0.9099448
759,0.02132482764552679,0.0,0.03386542298948036,0.0,0.00531917813023313,0.0077618957
760,0.8398071970510629,0.875,0.8986725376427601,0.9341241899336229,0.9448302503205978,0.84981525
761,0.9041978245407106,0.875,0.8641722853914736,0.9160684455193292,0.8800857248549095,0.92270064
762,0.9041978245407106,0.75,0.8641546767195422,0.8976936623218327,0.8800857248549095,0.8661014
763,0.06400473904660864,0.0,0.06353252700189581,0.0020181888287151444,0.03385227836521611,0.0066832304
764,0.9041978245407106,0.75,0.8640662066985473,0.9027803927288215,0.8800857248549095,0.88265413
765,0.026883770336588286,0.0,0.0752337458216896,0.0,0.00531917813023313,0.0035548806
766,0.6960179594730407,0.625,0.8339657397929948,0.8523695891185904,0.7739475738159218,0.97681683
767,0.2534696668928259,0.125,0.21335626466091953,0.29195356516664794,0.387030176251284,0.36351615
768,0.903035209373775,1.0,0.8740618025087499,0.956879831291602,0.8741462300949311,0.9168573
769,0.9041978245407106,0.875,0.8639773413385172,0.88744510899846,0.8800857248549095,0.8993309
770,0.9041978245407106,0.75,0.8638209776151967,0.8826775339738885,0.8800857248549095,0.91534144
771,0.9557715285057578,0.875,0.9400312880667954,0.976364499831596,0.9448302503205978,0.9609562
772,0.4373793502259843,0.125,0.2063623701262982,0.693493999778138,0.09213845083547925,0.36961305
773,0.9557715285057578,1.0,0.906731221941215,0.9781995094684824,0.9448302503205978,0.9355022
774,0.6676517603084515,0.375,0.36739981128446086,0.736547546642938,0.09213845083547925,0.3997363
775,0.9041978245407106,1.0,0.8640701281843178,0.9115140118594663,0.8800857248549095,0.88265413
776,0.9041978245407106,1.0,0.8636456729661237,0.9115140118594663,0.8800857248549095,0.88265413
777,0.08241544715118054,0.125,0.20747957244819767,0.0034262210783658135,0.013005928853754942,0.02515322
778,0.9041978245407106,1.0,0.8640720934352729,0.9310652787055078,0.8800857248549095,0.95032924
779,0.026883770336588286,0.0,0.07851758788843746,0.0,0.00531917813023313,0.0077618957
780,0.2534696668928259,0.25,0.2135037602062221,0.26129099327355854,0.387030176251284,0.21785659
781,0.026883770336588286,0.0,0.0397775737563168,0.00531142191142191,0.00531917813023313,0.010629296
782,0.6960179594730407,0.25,0.6816259936067396,0.4614706077597442,0.7739475738159218,0.2760446
783,0.9777995304749405,1.0,0.9482489123890953,0.9874288093253206,0.9448302503205978,0.97416365
784,0.9557715285057578,1.0,0.9067527249061658,0.9852991898745622,0.9448302503205978,0.9682576
785,0.9041978245407106,1.0,0.8641511906225063,0.9310652787055078,0.8800857248549095,0.951611
786,0.2534696668928259,0.25,0.21342685427164318,0.27464685237307385,0.387030176251284,0.3102743
787,0.7399564391428888,0.875,0.8637067567206426,0.9896570500282482,0.9188145410209158,0.98366374
788,0.639004987014245,0.875,0.5579478130463024,0.5604531539243521,0.9188145410209158,0.76602733
789,0.8398071970510629,0.875,0.883305905507967,0.9623152637532055,0.8978406759821651,0.91805077
790,0.7140187596483936,0.875,0.7685426717745023,0.6244851431816638,0.8023274356628002,0.8091993
791,0.8398071970510629,1.0,0.883159644992731,0.9380024277889547,0.8978406759821651,0.9348401
792,0.8929911874510471,0.875,0.8635495966819299,0.9228505363861733,0.8059095101764091,0.9373723
793,0.37721808321339834,1.0,0.7852604373866193,0.7609116987321491,0.7134401961294567,0.8252427
794,0.9041978245407106,1.0,0.8640474252509113,0.9156859293074535,0.8800857248549095,0.9450292
795,0.9041978245407106,1.0,0.8635959895646855,0.892603909461359,0.7739475738159218,0.9257754
796,0.3901095758732571,0.625,0.5,0.17298266383496377,0.04627680312220164,0.14173084
797,0.2534696668928259,0.25,0.19289409370183064,0.377790661479347,0.387030176251284,0.4409098
798,0.9041978245407106,0.75,0.8641546767195422,0.8976936623218327,0.8800857248549095,0.85278636
799,0.5554927869454682,0.75,0.4359980929171957,0.7387553774094224,0.8059095101764091,0.80645937
800,0.9557715285057578,0.875,0.8888399783487242,0.847437788950632,0.8978406759821651,0.9215678
801,0.2981350928799973,0.125,0.1075994289446844,0.04098651682521332,0.0714258531132304,0.0662961
802,0.07097278533094975,0.0,0.21502383391293717,0.008515975148182532,0.015226449963292067,0.017724752
803,0.3247486883929651,0.625,0.29194513566565333,0.21821841834440794,0.2840059072631325,0.36275816
804,0.9041978245407106,0.875,0.8641980680135356,0.8928829358529546,0.8800857248549095,0.8454305
805,0.9557715285057578,1.0,0.9066666566759831,0.9779057188457143,0.9448302503205978,0.9033263
806,0.7140187596483936,1.0,0.7752487110738405,0.8776096990592275,0.7134401961294567,0.9443261
807,0.2534696668928259,0.25,0.21334945964458446,0.328254656385904,0.387030176251284,0.3268088
808,0.8801726993426615,1.0,0.8552193993308208,0.9432944308318535,0.7699008307340395,0.9240649
809,0.026883770336588286,0.0,0.033986933120902424,0.0007399933399933399,0.00531917813023313,0.00407362
810,0.9041978245407106,1.0,0.8640487069358905,0.9159178620805628,0.8800857248549095,0.9450292
811,0.8398071970510629,0.875,0.8981885752116193,0.943148588626218,0.9448302503205978,0.9504838
812,0.9041978245407106,0.875,0.8638478109994181,0.8923974296097242,0.7739475738159218,0.9257754
813,0.7114643245811227,1.0,0.8426465453229943,0.9659150823482484,0.7347387510944486,0.9549954
814,0.9041978245407106,1.0,0.864023843596824,0.8761284001918476,0.8800857248549095,0.8731358
815,0.9041978245407106,0.875,0.8968589537207804,0.9239054903170641,0.7739475738159218,0.94439024
816,0.2534696668928259,0.25,0.2133091263465263,0.3494587208844121,0.387030176251284,0.19890428
817,0.8005406834558564,0.875,0.8636896490014156,0.9398210203879483,0.7134401961294567,0.87693787
818,0.9041978245407106,1.0,0.9135169932936005,0.9201890557477178,0.8800857248549095,0.9410088
819,0.7399564391428888,0.875,0.8637646491035473,0.9886570500282482,0.9188145410209158,0.96273863
820,0.033841706089060675,0.0,0.09134048953951411,0.0020181888287151444,0.00531917813023313,0.020384312
821,0.9041978245407106,0.875,0.863934227156253,0.8849339831770366,0.8800857248549095,0.8993309
822,0.9041978245407106,1.0,0.8649834667411014,0.9239054903170641,0.7739475738159218,0.94439024
823,0.1022358657261041,0.125,0.07811582215674658,0.009376555071695736,0.013005928853754942,0.006475687
824,0.7399564391428888,1.0,0.662387474647739,0.9748350515758153,0.9188145410209158,0.9299785
825,0.8801726993426615,0.875,0.8485674686793812,0.9574114761586004,0.8741462300949311,0.9162987
826,0.420303979846097,0.5,0.7897327442801187,0.7311537498571037,0.8676249998608625,0.5776961
827,0.5826596362353125,0.25,0.29055546752650735,0.10608854963197645,0.05238825268298952,0.05210805
828,0.9041978245407106,1.0,0.8640701281843178,0.9115140118594663,0.8800857248549095,0.88265413
829,0.02132482764552679,0.0,0.06863263049263695,0.0,0.00531917813023313,0.0077618957
830,0.49638564287217757,0.375,0.37793331580158485,0.7138023189407224,0.8059095101764091,0.80071396
831,0.13889884467855407,0.0,0.11951558139012818,0.004,0.012656690746474027,0.007950723
832,0.9557715285057578,1.0,0.9067307118360945,0.9774495006200622,0.9448302503205978,0.93471473
833,0.9041978245407106,0.875,0.8640538620318251,0.8881387028067104,0.8800857248549095,0.8580743
834,0.9041978245407106,0.875,0.8639865081828403,0.88744510899846,0.8800857248549095,0.9407177
835,0.11692742132916245,0.0,0.07460045434857987,0.06589475024908358,0.08601066719659406,0.038035452
836,0.9041978245407106,0.875,0.863934227156253,0.8849339831770366,0.8800857248549095,0.9407177
837,0.9041978245407106,1.0,0.864023843596824,0.8761284001918476,0.8800857248549095,0.8731358
838,0.5542891686328777,0.5,0.8240323152859863,0.23414082504029401,0.6206744601028564,0.203911
839,0.6960179594730407,0.375,0.7956976748845416,0.5062840863905385,0.7739475738159218,0.51088834
840,0.9041978245407106,0.75,0.8640429263394892,0.8337794996820129,0.8800857248549095,0.7881838
841,0.9557715285057578,0.75,0.889053585664847,0.9458552029883251,0.8978406759821651,0.9783301
842,0.15866956776218455,0.0,0.13350610457796205,0.01940695347110216,0.09213845083547925,0.047001183
843,0.9041978245407106,0.875,0.864294991113426,0.9201890557477178,0.8800857248549095,0.9410088
844,0.9041978245407106,0.875,0.863934227156253,0.8849339831770366,0.8800857248549095,0.9407177
845,0.9041978245407106,1.0,0.8641019397724118,0.9310652787055078,0.8800857248549095,0.95426977
846,0.995707654557028,1.0,0.9877639899527048,0.9872548962818424,0.9448302503205978,0.9933824
847,0.9041978245407106,1.0,0.8640474252509113,0.9156859293074535,0.8800857248549095,0.9618891
848,0.4343743136743453,1.0,0.8504587060710587,0.8063199484943167,0.7134401961294567,0.82713604
849,0.026883770336588286,0.125,0.05014124590961286,0.0,0.00531917813023313,0.0010599494
850,0.733669041418889,1.0,0.6647437407823639,0.9319904249030755,0.8518354283993262,0.95997304
851,0.9557715285057578,0.875,0.9400367218752963,0.9779057188457143,0.9448302503205978,0.95903987
852,0.5554927869454682,1.0,0.7245930224817909,0.9473632941932086,0.8059095101764091,0.9149181
853,0.09455875480585862,0.0,0.06404658882809577,0.049840781291493545,0.08601066719659406,0.025659502
854,0.2936495323710353,0.125,0.16514162782107866,0.39088461149189385,0.09096004995261134,0.13163549
855,0.30093591815469045,0.25,0.23233537628487,0.35703194786844206,0.387030176251284,0.49620777
856,0.033841706089060675,0.0,0.1052823926976635,0.0,0.00531917813023313,0.0073960423
857,0.37721808321339834,0.625,0.7627743022463828,0.5420564385822784,0.7134401961294567,0.38790184
858,0.15473571044294254,0.125,0.14727409593292393,0.012937832102537987,0.013005928853754942,0.044038534
859,0.9041978245407106,0.75,0.8641546767195422,0.8976936623218327,0.8800857248549095,0.85278636
860,0.9720188522046149,1.0,0.9386814758661887,0.9859042428171475,0.9448302503205978,0.997612
861,0.9228780949256324,1.0,0.8849789525922723,0.9092715358292291,0.7739475738159218,0.9359049
862,0.07610053083877777,0.0,0.10838404116760554,0.05045060041294057,0.08601066719659406,0.016289473
863,0.8929911874510471,0.875,0.8635495966819299,0.9228505363861733,0.8059095101764091,0.9373723
864,0.9041978245407106,1.0,0.8635959895646855,0.892603909461359,0.7739475738159218,0.9257754
865,0.2534696668928259,0.0,0.08577218694920935,0.11884049757285262,0.08601066719659406,0.13163549
866,0.30093591815469045,0.125,0.12237475765885429,0.25200819500887367,0.08601066719659406,0.060481668
867,0.6960179594730407,0.5,0.7758790891442948,0.8576817112534083,0.7739475738159218,0.8674217
868,0.9041978245407106,0.75,0.8638209776151967,0.8826775339738885,0.8800857248549095,0.85354424
869,0.23558916804128027,0.125,0.2354077733243809,0.04355266955266956,0.06207146749513567,0.06617522
870,0.9041978245407106,1.0,0.8640474252509113,0.9156859293074535,0.8800857248549095,0.9450292
871,0.033841706089060675,0.0,0.08662182337570756,0.0007399933399933399,0.00531917813023313,0.0033066273
872,0.9557715285057578,0.875,0.8553908978907209,0.9859042428171475,0.8978406759821651,0.99764186
873,0.9041978245407106,0.75,0.9132684986676902,0.8942851974429268,0.8800857248549095,0.9272291
874,0.49638564287217757,0.125,0.1593942557882927,0.062403808736666525,0.09213845083547925,0.04687655
875,0.2534696668928259,0.25,0.21350499649118077,0.24162492845372005,0.387030176251284,0.17090344
876,0.9557715285057578,1.0,0.9064565579088769,0.9453131293006124,0.9448302503205978,0.9783301
877,0.9557715285057578,0.875,0.9066530456881273,0.9610504670807213,0.9448302503205978,0.98323005
878,0.9041978245407106,1.0,0.8640474252509113,0.9156859293074535,0.8800857248549095,0.9450292
879,0.026883770336588286,0.0,0.09136690023830134,0.0,0.00531917813023313,0.012419999
880,0.1022358657261041,0.0,0.055922606682023784,0.006642094094238831,0.00531917813023313,0.0077800155
881,0.9041978245407106,1.0,0.8640474252509113,0.9156859293074535,0.8800857248549095,0.9618891
882,0.2534696668928259,0.75,0.21272050186858882,0.2751462849750199,0.387030176251284,0.5053756
883,0.9041978245407106,0.875,0.8638478109994181,0.8923974296097242,0.7739475738159218,0.87051713
884,0.9041978245407106,1.0,0.8641851115877147,0.9200684455193292,0.8800857248549095,0.88570213
885,0.7180744871804912,0.875,0.6128300266045057,0.9468632941932086,0.8059095101764091,0.9807147
886,0.9041978245407106,1.0,0.8635959895646855,0.892603909461359,0.7739475738159218,0.87051713
887,0.06024247570466423,0.0,0.05964192973566921,0.02010639348308608,0.0714258531132304,0.031890452
888,0.6130702468480158,1.0,0.7694017401651847,0.9232983996340365,0.8059095101764091,0.9373723
889,0.6960179594730407,0.375,0.7956765595818498,0.4614706077597442,0.7739475738159218,0.20824915
890,0.9041978245407106,1.0,0.8640701281843178,0.9115140118594663,0.8800857248549095,0.8455852
